1,0,139945,4488.641
1,1,42359,21555.298
1,2,18073,4137.912
1,3,5764,1661.73
1,4,4114,1222.738
1,5,1820,819.632
1,6,600,343.376
1,7,3940,1364.998
1,8,1250,964.857
1,9,2851,949.453
1,10,1028,337.006
1,11,257,183.126
1,12,398,584.844
1,13,1700,844.3
1,14,923,805.187
1,15,609,391.511
1,16,758,436.765
1,17,382,275.477
1,18,510,729.699
1,19,143,77.756
1,20,214,256.185
1,21,203,82.303
1,22,420,403.192
1,23,221,180.866
1,24,146,86.417
1,25,130,70.722
1,26,106,54.619
1,27,128,72.355
1,28,174,69.493
1,29,101,68.041
1,30,529,130.966
1,31,331,153.601
1,32,78,56.985
1,33,154,104.251
1,34,215,83.008
1,35,115,64.993
1,36,309,343.346
1,37,73,47.866
1,38,50,46.184
1,39,185,69.374
1,40,99,75.891
1,41,113,71.889
1,42,728,748.824
1,43,58,49.753
1,44,103,62.117
1,45,94,61.871
1,46,616,562.692
1,47,149,182.46
1,48,53,43.791
1,49,64,53.801
1,50,61,52.063
1,51,65,32.94
1,52,39,34.47
1,53,69,60.344
1,54,49,96.252
1,55,40,38.221
1,56,50,74.287
1,57,44,38.361
1,58,177,481.506
1,59,62,167.618
1,60,95,49.778
1,61,210,51.504
1,62,82,43.536
1,63,104,46.894
1,64,52,44.685
1,65,36,34.542
1,66,42,39.681
1,67,51,41.987
1,68,197,35.023
1,69,55,53.561
1,70,42,46.222
1,71,52,52.192
1,72,59,60.67
1,73,41,45.375
1,74,43,41.184
1,75,39,38.624
1,76,41,42.163
1,77,41,42.368
1,78,64,42.678
1,79,48,48.684
1,80,57,40.959
1,81,51,55.078
1,82,35,36.29
1,83,35,34.141
1,84,41,36.034
1,85,40,39.805
1,86,49,47.15
1,87,35,36.732
1,88,47,47.379
1,89,38,41.107
1,90,50,36.695
1,91,42,38.5
1,92,36,40.9
1,93,38,42.013
1,94,41,40.123
1,95,42,40.614
1,96,54,45.296
1,97,39,38.504
1,98,36,37.376
1,99,41,36.312
1,100,52,57.665
1,101,43,43.099
1,102,32,33.36
1,103,42,44.736
1,104,52,49.909
1,105,30,30.94
1,106,33,33.46
1,107,41,39.466
1,108,44,56.555
1,109,31,28.835
1,110,26,31.362
1,111,38,42.728
1,112,42,39.681
1,113,42,46.148
1,114,37,42.989
1,115,30,34.164
1,116,30,30.402
1,117,686,116.364
1,118,109,53.141
1,119,39,45.04
1,120,40,45.093
1,121,24,27.72
1,122,29,30.165
1,123,42,42.248
1,124,35,35.147
1,125,30,29.49
1,126,41,37.161
1,127,30,42.896
1,128,37,39.923
1,129,36,40.225
1,130,28,31.968
1,131,28,29.141
1,132,22,23.568
1,133,26,26.073
1,134,37,46.001
1,135,29,41.546
1,136,15,13.522
1,137,12,13.032
1,138,35,33.547
1,139,34,32.84
1,140,28,30.901
1,141,24,26.014
1,142,14,15.021
1,143,25,29.739
1,144,16,17.106
1,145,30,35.402
1,146,23,25.258
1,147,12,19.278
1,148,27,15.531
1,149,27,24.425
1,150,16,18.42
1,151,11,14.503
1,152,20,20.369
1,153,20,22.846
1,154,20,27.107
1,155,23,29.419
1,156,17,23.625
1,157,23,21.209
1,158,18,21.267
1,159,19,22.451
1,160,18,16.264
1,161,11,16.722
1,162,14,14.108
1,163,10,10.209
1,164,21,21.442
1,165,16,16.606
1,166,27,17.329
1,167,8,10.276
1,168,21,20.859
1,169,14,18.977
1,170,12,12.176
1,171,16,25.964
1,172,15,18.508
1,173,10,11.145
1,174,10,8.681
1,175,11,11.647
1,176,19,23.444
1,177,10,9.648
1,178,16,23.528
1,179,11,15.122
1,180,12,15.833
1,181,17,19.46
1,182,11,10.273
1,183,23,17.387
1,184,10,10.091
1,185,19,18.966
1,186,10,11.714
1,187,9,11.603
1,188,14,16.49
1,189,11,14.56
1,190,14,17.39
1,191,13,23.953
1,192,7,7.998
1,193,12,15.304
1,194,16,25.608
1,195,11,15.927
1,196,9,14.188
1,197,9,12.061
1,198,9,10.327
1,199,15,24.43
1,200,8,12.784
1,201,11,12.993
1,202,12,19.059
1,203,6,10.024
1,204,10,20.001
1,205,12,15.128
1,206,5,7.056
1,207,13,16.153
1,208,13,15.987
1,209,13,16.653
1,210,13,15.308
1,211,12,20.244
1,212,6,8.369
1,213,8,13.256
1,214,7,9.258
1,215,7,10.599
1,216,8,19.844
1,217,4,6.626
1,218,7,9.537
1,219,11,12.006
1,220,5,7.19
1,221,11,10.33
1,222,5,8.922
1,223,9,12.451
1,224,4,5.449
1,225,7,8.944
1,226,9,11.953
1,227,3,4.184
1,228,2,3.282
1,229,12,15.612
1,230,9,10.507
1,231,8,11.664
1,232,12,16.658
1,233,7,10.178
1,234,4,4.809
1,235,9,10.316
1,236,3,3.203
1,237,8,8.61
1,238,7,7.96
1,239,4,4.808
1,240,9,10.913
1,241,12,13.993
1,242,2,2.012
1,243,6,5.028
1,244,9,17.154
1,245,7,7.333
1,246,8,11.173
1,247,7,8.384
1,248,3,1.993
1,249,9,10.258
1,250,7,10.069
1,251,7,8.805
1,252,13,19.241
1,253,3,2.451
1,254,9,12.41
1,255,7,9.358
1,256,2,4.367
1,257,6,14.103
1,258,6,5.006
1,259,1,0.165
1,260,3,4.228
1,261,3,2.262
1,262,8,10.452
1,263,7,10.079
1,264,4,4.725
1,265,5,8.742
1,266,8,11.571
1,267,5,7.782
1,268,8,10.189
1,269,3,5.054
1,270,3,2.617
1,271,1,0.377
1,272,5,9.698
1,273,5,7.439
1,274,2,3.901
1,275,1,0.628
1,276,3,1.598
1,277,4,7.478
1,278,6,7.357
1,279,3,3.605
1,280,3,2.547
1,281,2,3.205
1,283,2,1.016
1,284,2,2.391
1,285,2,3.267
1,286,9,7.281
1,287,4,8.51
1,288,5,12.443
1,289,1,2.998
1,290,2,4.019
1,291,2,3.486
1,292,3,1.199
1,293,3,7.152
1,294,5,8.623
1,295,1,0.36
1,297,4,5.478
1,298,3,2.983
1,299,1,2.487
1,300,2,5.454
1,301,1,0.636
1,302,4,8.393
1,303,2,2.724
1,304,4,7.649
1,305,2,1.358
1,306,5,6.946
1,307,2,2.698
1,308,6,7.006
1,309,2,0.498
1,310,4,4.256
1,311,2,2.749
1,312,4,3.85
1,313,2,2.639
1,314,1,0.5
1,315,5,3.64
1,316,3,3.905
1,317,2,4.001
1,319,2,2.124
1,320,3,1.526
1,321,1,0.556
1,322,1,1.453
1,323,2,1.894
1,324,1,0.386
1,325,5,7.071
1,326,1,1.901
1,327,1,0.558
1,328,1,1.389
1,329,1,2.531
1,330,5,8.047
1,331,2,4.585
1,332,3,5.435
1,333,1,0.405
1,334,1,0.603
1,335,1,1.742
1,336,2,2.139
1,337,2,4.725
1,338,3,10.398
1,339,3,1.891
1,340,2,0.907
1,342,3,3.897
1,343,1,2.562
1,344,1,2.733
1,346,2,2.466
1,348,1,2.007
1,349,3,2.739
1,350,2,0.662
1,351,4,7.12
1,352,1,1.494
1,353,2,0.972
1,354,3,4.065
1,355,1,2.95
1,357,1,0.615
1,358,1,1.459
1,359,2,3.477
1,361,3,6.961
1,364,2,5.841
1,365,2,5.795
1,366,1,2.963
1,367,1,0.471
1,369,1,0.42
1,370,1,2.386
1,372,1,0.457
1,373,1,0.586
1,374,3,3.632
1,375,2,3.268
1,376,2,0.861
1,377,3,7.779
1,379,1,2.566
1,380,3,5.312
1,381,3,5.893
1,382,2,4.581
1,383,1,0.381
1,384,1,2.833
1,385,1,1.443
1,386,1,0.574
1,388,2,3.42
1,391,2,5.15
1,392,1,0.367
1,393,4,4.028
1,394,1,2.749
1,395,1,2.839
1,397,1,0.669
1,400,1,2.78
1,402,1,2.405
1,403,3,7.234
1,404,2,3.357
1,407,1,0.374
1,409,1,2.651
1,411,2,3.298
1,412,2,5.412
1,413,1,0.341
1,414,2,3.571
1,415,1,0.775
1,417,2,2.556
1,418,3,5.88
1,421,2,6.772
1,423,2,1.055
1,425,1,0.346
1,426,2,5.586
1,428,3,12.306
1,430,3,10.894
1,433,1,0.361
1,434,1,6.858
1,435,1,2.969
1,436,2,3.676
1,437,1,0.575
1,439,1,0.665
1,440,1,0.602
1,443,2,3.527
1,444,1,2.839
1,445,1,2.607
1,448,1,0.41
1,449,2,5.298
1,450,3,11.329
1,451,1,2.775
1,456,1,0.348
1,457,1,0.5
1,460,1,0.398
1,461,1,2.717
1,462,1,5.054
1,463,4,2.135
1,464,1,0.51
1,466,1,0.704
1,469,1,2.666
1,470,2,3.455
1,474,1,0.697
1,480,1,2.54
1,481,1,1.244
1,483,1,0.534
1,484,1,2.979
1,486,1,2.887
1,487,1,0.61
1,490,1,2.568
1,491,2,3.216
1,492,1,0.513
1,494,2,6.281
1,495,1,0.619
1,496,1,0.381
1,497,1,0.633
1,498,1,2.797
1,500,1,0.535
1,504,1,0.597
1,508,1,0.625
1,512,1,1.754
1,513,1,0.854
1,517,1,0.676
1,519,1,0.633
1,521,1,5.641
1,522,1,6.319
1,527,1,6.88
1,530,1,2.81
1,534,16,0.134
1,535,1,0.622
1,536,1,3.059
1,537,1,0.626
1,538,1,0.464
1,539,4,0.081
1,546,1,0.659
1,553,1,0.518
1,555,1,2.903
1,556,1,2.629
1,557,1,2.875
1,570,1,5.689
1,574,1,5.29
1,577,1,0.65
1,578,1,0.631
1,582,1,2.945
1,587,2,1.078
1,596,1,2.857
1,605,1,0.647
1,607,1,0.527
1,608,1,2.867
1,625,1,2.927
1,629,1,2.861
1,640,1,7.33
1,672,1,0.549
1,685,1,8.635
1,693,1,6.797
1,723,1,0.71
1,806,1,0.781
1,830,1,2.803
1,922,1,8.641
1,945,5,0.306
1,946,1,0.117
1,957,1,0.141
1,968,8,2.122
1,976,1,0.504
1,996,1,8.64
1,1173,12,0.267
1,1312,8,0.174
1,1321,4,0.229
1,1413,1,1.501
1,1430,1,0.791
1,1914,1,0.035
2,0,23332,36.459
2,1,3629,5099.509
2,2,3548,1225.355
2,3,1919,863.817
2,4,2489,716.26
2,5,2067,859.78
2,6,983,920.05
2,7,760,1311.135
2,8,395,1340.493
2,9,2234,1442.829
2,10,106,577.634
2,11,1893,438.852
2,12,2754,702.615
2,13,2008,1322.404
2,14,1065,438.957
2,15,45,34.326
2,16,116,129.975
2,17,327,469.871
2,18,475,914.358
2,19,123,59.323
2,20,231,2050.782
2,21,52,78.032
2,22,199,1522.87
2,23,13,53.948
2,24,25,40.3
2,25,27,234.795
2,26,9,15.362
2,27,16,26.631
2,28,20,28.442
2,29,82,125.8
2,30,100,46.841
2,31,106,102.932
2,32,145,1408.012
2,33,16,11.183
2,34,15,103.977
2,35,42,96.05
2,36,30,181.625
2,37,10,35.897
2,38,13,12.917
2,39,5,21.69
2,40,5,15.604
2,41,15,220.19
2,42,5,6.113
2,43,4,8.745
2,44,2,0.36
2,45,5,5.169
2,46,9,24.888
2,47,15,2.527
2,48,4,1.424
2,49,5,7.961
2,50,1,11.941
2,51,5,29.848
2,52,11,145.039
2,53,2,34.564
2,54,4,7.736
2,55,1,3.797
2,56,14,15.476
2,57,11,39.424
2,58,15,3.32
2,59,12,43.772
2,60,22,1.546
2,61,34,4.986
2,62,7,0.068
2,63,3,0.048
2,64,5,0.052
2,65,2,3.526
2,66,2,0.054
2,67,1,4.854
2,68,1,0.078
2,70,1,0.874
2,75,1,0.013
2,76,1,0.013
2,77,3,15.326
2,79,1,0.011
2,82,1,1.029
2,86,229,171.931
2,92,1,0.011
2,99,1,0.006
2,100,1,0.017
2,110,1,0.006
2,122,1,0.208
2,125,3,0.02
2,130,5,0.035
2,148,1,5.272
3-4,0,43295,2307.853
3-4,1,6542,10710.025
3-4,2,8277,7337.526
3-4,3,4314,11398.174
3-4,4,3311,8603.408
3-4,5,3752,4276.649
3-4,6,3119,4238.445
3-4,7,1798,2982.712
3-4,8,1590,2042.333
3-4,9,2375,2402.816
3-4,10,841,1188.184
3-4,11,938,2533.558
3-4,12,1178,2035.033
3-4,13,215,563.45
3-4,14,153,580.255
3-4,15,154,644.01
3-4,16,1452,3328.779
3-4,17,1267,2746.482
3-4,18,113,561.432
3-4,19,104,616.413
3-4,20,63,309.927
3-4,21,137,509.69
3-4,22,80,1034.63
3-4,23,50,303.758
3-4,24,55,302.239
3-4,25,46,280.243
3-4,26,21,82.816
3-4,27,66,571.626
3-4,28,49,669.119
3-4,29,51,233.759
3-4,30,26,238.995
3-4,31,31,654.257
3-4,32,12,6.083
3-4,33,16,5.389
3-4,34,26,103.963
3-4,35,13,55.972
3-4,36,22,164.873
3-4,37,10,35.455
3-4,38,12,38.766
3-4,39,7,70.907
3-4,40,11,109.961
3-4,41,8,16.676
3-4,42,7,20.087
3-4,43,11,24.276
3-4,44,4,19.614
3-4,45,64,149.073
3-4,46,9,24.12
3-4,47,5,7.107
3-4,48,5,14.524
3-4,49,6,16.298
3-4,50,4,18.189
3-4,51,2,3.034
3-4,52,8,52.928
3-4,53,5,3.816
3-4,54,4,2.824
3-4,55,3,18.746
3-4,56,1,4.876
3-4,58,3,10.378
3-4,59,13,44.659
3-4,60,229,127.406
3-4,61,33,90.983
3-4,62,37,6.893
3-4,63,26,3.662
3-4,64,6,1.276
3-4,65,4,0.438
3-4,66,3,0.42
3-4,67,6,0.058
3-4,68,3,8.124
3-4,69,12,12.594
3-4,72,1,1.807
3-4,78,1,0.029
3-4,79,1,0.01
3-4,83,1,0.029
3-4,85,1,5.78
3-4,86,84,109.785
3-4,92,2,0.02
3-4,119,3,0.03
3-4,120,1,0.014
3-4,122,2,0.634
3-4,123,4,0.101
3-4,126,5,0.155
3-4,127,1,0.01
3-4,138,1,0.324
3-4,313,1,12.615
5-8,0,11192,1069.177
5-8,1,8440,16753.822
5-8,2,52605,29253.229
5-8,3,13335,18088.125
5-8,4,7446,35385.036
5-8,5,4408,18448.689
5-8,6,2881,15450.514
5-8,7,5200,10701.021
5-8,8,3844,13072.537
5-8,9,1941,13568.622
5-8,10,1383,7600.223
5-8,11,1554,6089.013
5-8,12,794,4182.808
5-8,13,1125,4350.48
5-8,14,703,2221.103
5-8,15,631,3376.443
5-8,16,509,1875.329
5-8,17,432,1563.862
5-8,18,252,924.389
5-8,19,247,1496.085
5-8,20,333,2926.8
5-8,21,699,3044.467
5-8,22,163,1044.61
5-8,23,116,1071.412
5-8,24,113,867.317
5-8,25,542,1212.58
5-8,26,88,361.984
5-8,27,102,1144.6
5-8,28,222,841.782
5-8,29,73,446.695
5-8,30,110,507.005
5-8,31,93,702.904
5-8,32,110,947.367
5-8,33,55,300.072
5-8,34,136,798.751
5-8,35,101,812.172
5-8,36,278,1232.208
5-8,37,114,379.063
5-8,38,118,329.607
5-8,39,53,377.972
5-8,40,22,130.74
5-8,41,41,709.695
5-8,42,37,171.491
5-8,43,83,804.627
5-8,44,41,236.287
5-8,45,40,311.867
5-8,46,17,39.295
5-8,47,14,161.025
5-8,48,14,28.728
5-8,49,12,34.989
5-8,50,33,218.667
5-8,51,49,127.03
5-8,52,9,49.316
5-8,53,10,70.414
5-8,54,10,66.15
5-8,55,12,146.493
5-8,56,7,22.98
5-8,57,20,309.92
5-8,58,7,87.63
5-8,59,11,85.554
5-8,60,42,14.636
5-8,61,74,99.875
5-8,62,38,60.68
5-8,63,106,66.956
5-8,64,48,6.842
5-8,65,19,70.279
5-8,66,1,13.444
5-8,67,6,27.425
5-8,68,4,154.494
5-8,69,3,17.113
5-8,70,18,12.685
5-8,72,7,11.587
5-8,73,1,0.03
5-8,74,1,0.044
5-8,75,10,3.629
5-8,76,1,43.206
5-8,77,1,0.241
5-8,79,1,0.017
5-8,80,4,22.085
5-8,81,6,81.99
5-8,82,4,53.529
5-8,83,2,0.277
5-8,84,13,3.85
5-8,85,6,58.901
5-8,86,99,35.829
5-8,87,6,123.855
5-8,88,2,17.72
5-8,89,3,16.34
5-8,90,2,43.216
5-8,92,9,49.069
5-8,93,1,0.143
5-8,94,2,50.522
5-8,95,2,86.405
5-8,96,17,49.528
5-8,97,2,67.891
5-8,98,15,44.378
5-8,100,2,68.003
5-8,101,1,0.157
5-8,102,3,86.486
5-8,103,1,28.704
5-8,104,8,0.523
5-8,105,9,0.559
5-8,106,2,0.304
5-8,108,5,0.903
5-8,110,1,0.007
5-8,111,3,0.152
5-8,112,1,0.022
5-8,113,2,9.774
5-8,114,1,68.972
5-8,115,1,0.015
5-8,116,1,11.366
5-8,117,3,9.376
5-8,118,4,20.56
5-8,120,1,6.359
5-8,122,6,81.982
5-8,123,1,0.006
5-8,124,2,22.779
5-8,125,4,0.305
5-8,126,4,0.335
5-8,127,3,0.879
5-8,128,6,1.612
5-8,129,3,0.052
5-8,130,5,0.3
5-8,131,4,0.061
5-8,132,1,0.021
5-8,134,1,0.706
5-8,135,1,0.104
5-8,137,2,69.001
5-8,138,1,68.975
5-8,139,2,0.157
5-8,140,1,68.971
5-8,143,4,0.559
5-8,144,5,0.515
5-8,145,2,137.95
5-8,147,2,1.076
5-8,148,6,2.258
5-8,155,1,0.098
5-8,159,1,68.974
5-8,164,2,0.657
5-8,165,1,0.034
5-8,166,1,10.97
5-8,168,1,0.395
5-8,169,1,0.06
5-8,171,1,0.152
5-8,173,4,0.802
5-8,184,1,0.248
5-8,196,1,0.868
5-8,197,2,1.328
5-8,198,10,1.631
5-8,200,1,11.375
5-8,223,24,3.539
5-8,227,3,8.645
5-8,232,3,2.555
5-8,240,42,8.677
5-8,241,25,2.081
5-8,244,1,13.61
5-8,279,1,0.161
5-8,306,1,0.211
5-8,307,1,0.065
5-8,791,1,30.204
5-8,1081,1,60.276
5-8,1145,1,68.975
9-16,0,3492,1405.585
9-16,1,3038,17236.026
9-16,2,4082,19735.386
9-16,3,10600,31237.569
9-16,4,18184,37319.691
9-16,5,9029,31154.48
9-16,6,1094,11945.776
9-16,7,1417,11412.952
9-16,8,1297,8284.724
9-16,9,987,11980.044
9-16,10,1363,12523.08
9-16,11,496,6699.383
9-16,12,1221,42975.068
9-16,13,573,17909.426
9-16,14,825,6953.296
9-16,15,121,2603.89
9-16,16,101,2209.099
9-16,17,141,1901.864
9-16,18,202,2054.901
9-16,19,173,6202.585
9-16,20,131,4474.646
9-16,21,169,3315.349
9-16,22,60,2127.53
9-16,23,91,1812.914
9-16,24,57,2295.034
9-16,25,32,1023.922
9-16,26,51,1634.576
9-16,27,137,3779.522
9-16,28,53,1152.547
9-16,29,55,1079.334
9-16,30,102,1685.992
9-16,31,51,811.847
9-16,32,74,1483.911
9-16,33,100,1114.903
9-16,34,45,669.475
9-16,35,22,711.044
9-16,36,22,1412.077
9-16,37,44,257.056
9-16,38,26,882.747
9-16,39,52,691.933
9-16,40,89,831.218
9-16,41,23,329.776
9-16,42,13,138.87
9-16,43,33,293.739
9-16,44,23,373.297
9-16,45,30,671.567
9-16,46,7,142.69
9-16,47,12,304.938
9-16,48,44,567.773
9-16,49,13,161.169
9-16,50,28,492.095
9-16,51,10,491.308
9-16,52,6,140.346
9-16,53,6,34.452
9-16,54,6,141.269
9-16,55,6,205.409
9-16,56,9,136.046
9-16,57,7,359.441
9-16,58,16,552.715
9-16,59,5,141.713
9-16,60,35,305.533
9-16,61,46,877.316
9-16,62,25,586.57
9-16,63,20,228.303
9-16,64,12,538.778
9-16,65,9,534.936
9-16,66,5,292.23
9-16,67,2,86.742
9-16,68,3,173.755
9-16,69,1,86.408
9-16,70,3,174.049
9-16,71,3,164.693
9-16,73,1,86.406
9-16,75,2,172.872
9-16,76,3,250.689
9-16,77,1,86.412
9-16,78,1,76.02
9-16,80,1,20.076
9-16,81,2,181.871
9-16,85,1,0.254
9-16,86,15,4.206
9-16,87,1,1.44
9-16,89,1,55.234
9-16,94,1,16.215
9-16,96,1,86.431
9-16,105,1,86.423
9-16,108,1,86.409
9-16,122,1,21.53
9-16,123,2,4.976
9-16,128,1,0.24
9-16,131,1,86.411
9-16,2745,1,82.691
17-32,0,553,1237.395
17-32,1,414,10751.415
17-32,2,914,31996.473
17-32,3,868,50246.343
17-32,4,942,44722.509
17-32,5,508,17873.177
17-32,6,1702,47899.045
17-32,7,906,18253.925
17-32,8,551,21872.744
17-32,9,297,6645.52
17-32,10,515,5808.716
17-32,11,115,5549.446
17-32,12,136,4252.391
17-32,13,131,5106.398
17-32,14,148,7290.42
17-32,15,104,1916.24
17-32,16,369,6456.024
17-32,17,111,5929.456
17-32,18,288,6808.298
17-32,19,39,1745.155
17-32,20,43,1799.524
17-32,21,39,1880.245
17-32,22,62,5273.896
17-32,23,92,2609.037
17-32,24,38,2786.991
17-32,25,26,1785.023
17-32,26,58,4764.136
17-32,27,48,3318.166
17-32,28,98,1922.54
17-32,29,65,2009.081
17-32,30,34,1137.944
17-32,31,33,1218.934
17-32,32,44,3117.083
17-32,33,38,2131.022
17-32,34,32,1882.75
17-32,35,24,401.632
17-32,36,56,4384.036
17-32,37,21,539.829
17-32,38,22,702.706
17-32,39,27,1077.228
17-32,40,13,532.428
17-32,41,22,1558.815
17-32,42,26,855.313
17-32,43,9,884.602
17-32,44,12,837.748
17-32,45,26,913.586
17-32,46,37,2016.628
17-32,47,14,1452.61
17-32,48,5,377.336
17-32,49,12,659.499
17-32,50,8,1070.134
17-32,51,14,637.391
17-32,52,6,349.066
17-32,53,11,489.178
17-32,54,12,947.883
17-32,55,8,67.191
17-32,56,8,212.371
17-32,57,11,1090.097
17-32,58,9,1498.619
17-32,59,18,475.804
17-32,60,58,1478.969
17-32,61,37,576.774
17-32,62,25,1316.979
17-32,63,16,329.254
17-32,64,6,131.37
17-32,65,6,2.781
17-32,66,6,156.034
17-32,67,3,78.185
17-32,68,5,28.998
17-32,69,4,153.954
17-32,70,5,204.891
17-32,71,2,9.751
17-32,72,2,131.25
17-32,74,1,3.929
17-32,75,1,0.986
17-32,76,1,0.125
17-32,77,2,7.275
17-32,78,2,45.2
17-32,79,3,12.548
17-32,80,6,60.748
17-32,81,5,93.164
17-32,82,3,58.666
17-32,83,4,161.979
17-32,84,1,28.296
17-32,86,2,0.156
17-32,87,1,12.279
17-32,88,4,71.38
17-32,90,4,63.462
17-32,91,7,175.779
17-32,92,3,121.926
17-32,93,3,39.366
17-32,94,11,245.899
17-32,95,5,258.228
17-32,96,4,352.596
17-32,97,3,287.444
17-32,101,1,101.38
17-32,102,1,1.616
17-32,103,1,77.743
17-32,104,3,9.893
17-32,106,1,9.651
17-32,110,4,100.17
17-32,114,1,49.093
17-32,116,1,3.309
17-32,117,2,36.159
17-32,121,1,74.452
17-32,122,1,0.146
17-32,123,1,3.627
17-32,126,1,0.453
17-32,127,1,33.501
17-32,131,1,0.032
17-32,132,1,7.181
17-32,133,1,14.522
17-32,140,1,0.133
17-32,141,1,5.418
17-32,144,3,4.675
17-32,153,1,10.844
17-32,198,1,2.123
17-32,240,1,3.233
17-32,308,1,14.104
17-32,309,1,17.915
17-32,361,2,41.626
17-32,390,1,34.613
17-32,391,1,32.888
17-32,399,2,102.81
17-32,694,1,95.15
17-32,848,2,648.19
33-64,0,255,3207.939
33-64,1,736,8638.781
33-64,2,2006,15291.607
33-64,3,1674,7268.441
33-64,4,645,8023.631
33-64,5,71,3942.527
33-64,6,670,2182.247
33-64,7,275,2484.975
33-64,8,1997,9844.144
33-64,9,65,3000.605
33-64,10,64,3683.389
33-64,11,1589,5216.803
33-64,12,29,887.339
33-64,13,18,1786.652
33-64,14,27,2247.99
33-64,15,12,1829.989
33-64,16,25,1339.782
33-64,17,28,3228.113
33-64,18,443,6012.693
33-64,19,98,6357.36
33-64,20,20,2144.485
33-64,21,228,3330.811
33-64,22,28,2315.441
33-64,23,16,938.221
33-64,25,16,2309.778
33-64,26,26,3300.571
33-64,27,58,6927.926
33-64,28,16,2526.086
33-64,29,34,5230.502
33-64,30,144,3434.114
33-64,31,8,191.999
33-64,32,5,248.06
33-64,33,12,1022.498
33-64,34,6,158.181
33-64,35,5,616.595
33-64,36,7,827.707
33-64,37,5,532.856
33-64,38,11,944.836
33-64,39,4,371.71
33-64,40,11,1449.144
33-64,41,6,107.969
33-64,42,10,840.019
33-64,43,20,1806.92
33-64,44,4,530.998
33-64,45,5,1064.57
33-64,46,4,267.702
33-64,47,15,2003.83
33-64,48,3,101.573
33-64,49,8,2065.324
33-64,51,5,1576.35
33-64,52,4,1510.344
33-64,53,8,2816.991
33-64,54,32,2049.871
33-64,55,29,3458.498
33-64,56,3,238.906
33-64,58,4,572.538
33-64,59,4,689.467
33-64,60,16,305.341
33-64,61,13,358.904
33-64,62,5,306.276
33-64,63,9,525.173
33-64,64,5,165.242
33-64,65,3,34.527
33-64,67,1,23.973
33-64,68,1,2.01
33-64,69,4,986.641
33-64,73,1,110.995
33-64,75,3,43.688
33-64,76,3,88.184
33-64,77,1,8.184
33-64,83,2,11.039
33-64,85,1,10.696
33-64,89,1,90.33
33-64,91,1,0.127
33-64,94,1,37.929
33-64,95,1,0.139
33-64,98,2,1.13
33-64,99,4,57.04
33-64,122,6,77.533
33-64,123,3,5.975
33-64,126,1,23.922
33-64,127,1,61.619
33-64,129,2,15.348
33-64,132,2,7.225
33-64,135,1,247.36
33-64,426,1,491.31
33-64,607,1,584.087
65-128,0,20,458.683
65-128,1,15,3244.883
65-128,2,42,440.636
65-128,3,85,4020.92
65-128,4,38,1643.984
65-128,5,13,5016.053
65-128,6,159,39174.888
65-128,7,80,11478.885
65-128,8,16,3525.037
65-128,9,14,1428.376
65-128,10,8,63.171
65-128,11,5,511.267
65-128,12,6,152.832
65-128,13,5,427.614
65-128,14,16,1236.102
65-128,15,14,4713.142
65-128,16,3,1105.009
65-128,17,11,1943.462
65-128,18,35,5661.22
65-128,19,74,11609.627
65-128,20,8,1969.301
65-128,21,8,3528.387
65-128,22,7,1787.644
65-128,23,1,209.4
65-128,24,1,105.332
65-128,25,1,42.24
65-128,26,2,433.103
65-128,27,6,1844.804
65-128,28,1,216.52
65-128,29,1,249.048
65-128,30,2,486.778
65-128,31,1,108.19
65-128,32,2,27.841
65-128,34,1,205.22
65-128,36,4,522.306
65-128,37,4,1098.818
65-128,39,2,23.075
65-128,42,3,291.782
65-128,43,3,150.714
65-128,44,2,48.297
65-128,45,4,1659.838
65-128,46,4,943.712
65-128,47,1,539.541
65-128,48,1,2.938
65-128,49,1,154.65
65-128,51,1,108.08
65-128,53,3,1055.858
65-128,55,2,182.581
65-128,56,1,18.249
65-128,57,2,77.85
65-128,60,3,257.148
65-128,62,4,63.32
65-128,63,1,32.282
65-128,65,4,116.087
65-128,66,1,0.211
65-128,68,1,0.276
65-128,71,2,4.752
65-128,77,1,0.41
65-128,80,1,11.835
65-128,93,1,135.905
65-128,126,2,224.73
65-128,129,1,13.811
65-128,130,1,16.128
65-128,138,1,14.554
129-256,0,11,1114.231
129-256,1,1,0.4
129-256,2,15,1124.306
129-256,3,6,9.908
129-256,4,16,224.334
129-256,5,11,81.638
129-256,6,5,15.11
129-256,7,13,6738.132
129-256,8,3,691.308
129-256,9,7,4518.967
129-256,10,2,37.475
129-256,11,12,7487.6
129-256,13,1,535.665
129-256,14,1,292.486
129-256,15,11,3738.386
129-256,16,2,1702.851
129-256,17,2,1762.54
129-256,19,1,830.124
129-256,20,6,2637.467
129-256,21,3,2511.621
129-256,22,1,1247.261
129-256,23,4,2116.112
129-256,24,2,1094.14
129-256,27,1,388.8
129-256,29,1,5.568
129-256,33,4,65.596
129-256,34,1,9.504
129-256,36,1,6.206
129-256,40,4,267.312
129-256,42,1,5.779
129-256,43,2,27.61
129-256,44,3,2121.942
129-256,46,1,7.74
129-256,47,1,2074.992
129-256,54,2,1012.034
129-256,59,1,87.123
129-256,62,1,199.093
129-256,68,4,357.912
129-256,129,1,27.494
257-512,0,1,66.605
257-512,1,66,5150.4
257-512,2,8,1358.742
257-512,3,12,815.406
257-512,4,8,338.269
257-512,5,5,21.017
257-512,6,8,1834.711
257-512,7,1,463.612
257-512,8,15,112.02
257-512,9,1,23.731
257-512,11,1,4.536
257-512,14,3,633.263
257-512,15,1,730.072
257-512,18,2,648.95
257-512,21,1,2489.195
257-512,22,1,1878.844
257-512,31,1,15.424
257-512,34,2,1111.706
257-512,36,2,61.575
257-512,37,2,414.406
257-512,38,1,22.31
257-512,39,1,308.04
257-512,41,1,15.912
257-512,43,1,20.128
257-512,45,1,22.672
257-512,46,1,19.44
513-1024,1,1,6122.25
513-1024,35,1,16.576
513-1024,36,1,20.506
513-1024,37,1,28.582
