Time,total GB/s read,total GB/s write
2018-07-01T01:56:00+01:00,0.173,-0.208
2018-07-01T05:48:00+01:00,0.385,-0.307
2018-07-01T09:40:00+01:00,0.233,-0.228
2018-07-01T13:32:00+01:00,0.228,-0.227
2018-07-01T17:24:00+01:00,0.325,-0.291
2018-07-01T21:16:00+01:00,0.285,-0.267
2018-07-02T01:08:00+01:00,0.289,-0.2
2018-07-02T05:00:00+01:00,0.279,-0.332
2018-07-02T08:52:00+01:00,0.44,-0.438
2018-07-02T12:44:00+01:00,0.575,-0.527
2018-07-02T16:36:00+01:00,0.246,-0.301
2018-07-02T20:28:00+01:00,0.369,-0.342
2018-07-03T00:20:00+01:00,0.242,-0.319
2018-07-03T04:12:00+01:00,0.316,-0.295
2018-07-03T08:04:00+01:00,0.403,-0.367
2018-07-03T11:56:00+01:00,0.372,-0.484
2018-07-03T15:48:00+01:00,0.305,-0.297
2018-07-03T19:40:00+01:00,0.158,-0.148
2018-07-03T23:32:00+01:00,0.138,-0.146
2018-07-04T03:24:00+01:00,0.159,-0.213
2018-07-04T07:16:00+01:00,0.234,-0.278
2018-07-04T11:08:00+01:00,0.33,-0.365
2018-07-04T15:00:00+01:00,0.294,-0.462
2018-07-04T18:52:00+01:00,0.269,-0.459
2018-07-04T22:44:00+01:00,0.585,-0.705
2018-07-05T02:36:00+01:00,0.661,-0.694
2018-07-05T06:28:00+01:00,0.622,-0.709
2018-07-05T10:20:00+01:00,0.739,-0.99
2018-07-05T14:12:00+01:00,0.761,-0.647
2018-07-05T18:04:00+01:00,0.552,-0.661
2018-07-05T21:56:00+01:00,0.663,-0.701
2018-07-06T01:48:00+01:00,0.609,-0.688
2018-07-06T05:40:00+01:00,0.64,-0.517
2018-07-06T09:32:00+01:00,0.737,-0.751
2018-07-06T13:24:00+01:00,0.68,-0.805
2018-07-06T17:16:00+01:00,0.671,-0.75
2018-07-06T21:08:00+01:00,0.706,-0.773
2018-07-07T01:00:00+01:00,0.747,-0.735
2018-07-07T04:52:00+01:00,0.694,-0.762
2018-07-07T08:44:00+01:00,0.713,-0.754
2018-07-07T12:36:00+01:00,0.676,-5.718
2018-07-07T16:28:00+01:00,0.595,-12.816
2018-07-07T20:20:00+01:00,0.759,-0.834
2018-07-08T00:12:00+01:00,0.663,-0.716
2018-07-08T04:04:00+01:00,0.63,-0.722
2018-07-08T07:56:00+01:00,0.641,-0.672
2018-07-08T11:48:00+01:00,0.73,-0.807
2018-07-08T15:40:00+01:00,0.688,-0.775
2018-07-08T19:32:00+01:00,0.708,-0.827
2018-07-08T23:24:00+01:00,0.708,-0.814
2018-07-09T03:16:00+01:00,0.553,-0.695
2018-07-09T07:08:00+01:00,0.696,-0.777
2018-07-09T11:00:00+01:00,0.743,-0.746
2018-07-09T14:52:00+01:00,0.737,-0.746
2018-07-09T18:44:00+01:00,0.706,-0.704
2018-07-09T22:36:00+01:00,0.697,-0.742
2018-07-10T02:28:00+01:00,0.697,-0.778
2018-07-10T06:20:00+01:00,0.652,-0.691
2018-07-10T10:12:00+01:00,0.489,-0.579
2018-07-10T14:04:00+01:00,0.455,-0.46
2018-07-10T17:56:00+01:00,0.436,-0.396
2018-07-10T21:48:00+01:00,0.512,-0.473
2018-07-11T01:40:00+01:00,0.512,-0.434
2018-07-11T05:32:00+01:00,0.4,-0.308
2018-07-11T09:24:00+01:00,0.323,-0.247
2018-07-11T13:16:00+01:00,0.434,-0.231
2018-07-11T17:08:00+01:00,0.284,-0.212
2018-07-11T21:00:00+01:00,0.153,-0.131
2018-07-12T00:52:00+01:00,0.034,-0.039
2018-07-12T04:44:00+01:00,0.026,-0.019
2018-07-12T08:36:00+01:00,0.179,-0.098
2018-07-12T12:28:00+01:00,0.154,-0.164
2018-07-12T16:20:00+01:00,0.218,-0.473
2018-07-12T20:12:00+01:00,0.169,-0.381
2018-07-13T00:04:00+01:00,0.381,-0.419
2018-07-13T03:56:00+01:00,0.778,-0.723
2018-07-13T07:48:00+01:00,0.77,-0.769
2018-07-13T11:40:00+01:00,0.83,-0.75
2018-07-13T15:32:00+01:00,0.826,-0.683
2018-07-13T19:24:00+01:00,0.784,-0.723
2018-07-13T23:16:00+01:00,0.811,-0.757
2018-07-14T03:08:00+01:00,0.787,-0.757
2018-07-14T07:00:00+01:00,0.824,-0.771
2018-07-14T10:52:00+01:00,0.798,-0.761
2018-07-14T14:44:00+01:00,0.861,-0.74
2018-07-14T18:36:00+01:00,0.873,-0.744
2018-07-14T22:28:00+01:00,0.875,-0.815
2018-07-15T02:20:00+01:00,0.833,-0.824
2018-07-15T06:12:00+01:00,0.844,-0.795
2018-07-15T10:04:00+01:00,0.815,-0.737
2018-07-15T13:56:00+01:00,0.757,-0.768
2018-07-15T17:48:00+01:00,0.829,-0.753
2018-07-15T21:40:00+01:00,0.75,-0.774
2018-07-16T01:32:00+01:00,0.855,-0.737
2018-07-16T05:24:00+01:00,0.925,-0.729
2018-07-16T09:16:00+01:00,0.95,-0.824
2018-07-16T13:08:00+01:00,0.888,-0.819
2018-07-16T17:00:00+01:00,0.805,-0.723
2018-07-16T20:52:00+01:00,0.776,-0.701
2018-07-17T00:44:00+01:00,0.728,-0.721
2018-07-17T04:36:00+01:00,0.797,-0.72
2018-07-17T08:28:00+01:00,0.597,-0.643
2018-07-17T12:20:00+01:00,0.413,-0.449
2018-07-17T16:12:00+01:00,0.297,-1.023
2018-07-17T20:04:00+01:00,0.058,-0.871
2018-07-17T23:56:00+01:00,0.267,-0.685
2018-07-18T03:48:00+01:00,0.782,-1.223
2018-07-18T07:40:00+01:00,1.016,-1.192
2018-07-18T11:32:00+01:00,0.895,-1.24
2018-07-18T15:24:00+01:00,0.891,-1.319
2018-07-18T19:16:00+01:00,0.845,-1.238
2018-07-18T23:08:00+01:00,0.818,-0.946
2018-07-19T03:00:00+01:00,0.812,-0.793
2018-07-19T06:52:00+01:00,0.883,-0.816
2018-07-19T10:44:00+01:00,0.87,-0.797
2018-07-19T14:36:00+01:00,0.867,-0.81
2018-07-19T18:28:00+01:00,0.966,-0.762
2018-07-19T22:20:00+01:00,0.951,-0.948
2018-07-20T02:12:00+01:00,0.954,-0.79
2018-07-20T06:04:00+01:00,0.96,-0.849
2018-07-20T09:56:00+01:00,0.889,-0.778
2018-07-20T13:48:00+01:00,0.937,-0.745
2018-07-20T17:40:00+01:00,0.871,-0.792
2018-07-20T21:32:00+01:00,0.324,-0.354
2018-07-21T01:24:00+01:00,0.156,-0.27
2018-07-21T05:16:00+01:00,0.138,-0.2
2018-07-21T09:08:00+01:00,0.104,-0.126
2018-07-21T13:00:00+01:00,0.242,-2.307
2018-07-21T16:52:00+01:00,0.486,-0.225
2018-07-21T20:44:00+01:00,0.371,-0.251
2018-07-22T00:36:00+01:00,0.21,-0.167
2018-07-22T04:28:00+01:00,0.199,-0.204
2018-07-22T08:20:00+01:00,0.274,-0.215
2018-07-22T12:12:00+01:00,0.175,-0.26
2018-07-22T16:04:00+01:00,0.179,-0.215
2018-07-22T19:56:00+01:00,0.194,-0.218
2018-07-22T23:48:00+01:00,0.122,-0.241
2018-07-23T03:40:00+01:00,0.161,-0.27
2018-07-23T07:32:00+01:00,0.434,-0.269
2018-07-23T11:24:00+01:00,0.656,-0.256
2018-07-23T15:16:00+01:00,0.398,-0.146
2018-07-23T19:08:00+01:00,0.256,-0.186
2018-07-23T23:00:00+01:00,0.239,-0.256
2018-07-24T02:52:00+01:00,0.17,-0.273
2018-07-24T06:44:00+01:00,0.253,-0.287
2018-07-24T10:36:00+01:00,0.147,-0.206
2018-07-24T14:28:00+01:00,0.36,-0.323
2018-07-24T18:20:00+01:00,0.275,-0.133
2018-07-24T22:12:00+01:00,0.154,-0.095
2018-07-25T02:04:00+01:00,0.029,-0.03
2018-07-25T05:56:00+01:00,0.416,-0.4
2018-07-25T09:48:00+01:00,0,0
2018-07-25T13:40:00+01:00,0.116,-0.074
2018-07-25T17:32:00+01:00,0.201,-0.588
2018-07-25T21:24:00+01:00,0.088,-0.112
2018-07-26T01:16:00+01:00,0.005,-0.02
2018-07-26T05:08:00+01:00,0.152,-0.028
2018-07-26T09:00:00+01:00,0.173,-0.088
2018-07-26T12:52:00+01:00,0.065,-0.096
2018-07-26T16:44:00+01:00,0.04,-0.057
2018-07-26T20:36:00+01:00,0.042,-0.071
2018-07-27T00:28:00+01:00,0.123,-0.153
2018-07-27T04:20:00+01:00,0.115,-0.162
2018-07-27T08:12:00+01:00,0.166,-0.098
2018-07-27T12:04:00+01:00,0.261,-0.245
2018-07-27T15:56:00+01:00,0.084,-0.05
2018-07-27T19:48:00+01:00,0.106,-0.168
2018-07-27T23:40:00+01:00,0.077,-0.134
2018-07-28T03:32:00+01:00,0.164,-0.265
2018-07-28T07:24:00+01:00,0.19,-0.231
2018-07-28T11:16:00+01:00,0.06,-0.148
2018-07-28T15:08:00+01:00,0.212,-0.076
2018-07-28T19:00:00+01:00,0.27,-0.052
2018-07-28T22:52:00+01:00,0.066,-0.024
2018-07-29T02:44:00+01:00,0.003,-0.024
2018-07-29T06:36:00+01:00,0.002,-0.023
2018-07-29T10:28:00+01:00,0.008,-0.042
2018-07-29T14:20:00+01:00,0.067,-0.07
2018-07-29T18:12:00+01:00,0.05,-0.106
2018-07-29T22:04:00+01:00,0.016,-0.057
2018-07-30T01:56:00+01:00,0.009,-0.024
2018-07-30T05:48:00+01:00,0.012,-0.021
2018-07-30T09:40:00+01:00,0.201,-0.211
2018-07-30T13:32:00+01:00,0.21,-0.654
2018-07-30T17:24:00+01:00,0.101,-0.622
2018-07-30T21:16:00+01:00,0.119,-0.58
2018-07-31T01:08:00+01:00,0.039,-0.598
2018-07-31T05:00:00+01:00,0.033,-0.624
2018-07-31T08:52:00+01:00,0.127,-0.633
2018-07-31T12:44:00+01:00,0.121,-0.284
2018-07-31T16:36:00+01:00,0.024,-0.126
2018-07-31T20:28:00+01:00,0.239,-0.07
2018-08-01T00:20:00+01:00,0.016,-0.364
2018-08-01T04:12:00+01:00,0.013,-0.538
2018-08-01T08:04:00+01:00,0.079,-0.658
2018-08-01T11:56:00+01:00,0.214,-0.506
2018-08-01T15:48:00+01:00,0.201,-0.552
2018-08-01T19:40:00+01:00,0.127,-0.423
2018-08-01T23:32:00+01:00,0.071,-0.41
2018-08-02T03:24:00+01:00,0.027,-0.495
2018-08-02T07:16:00+01:00,0.091,-0.455
2018-08-02T11:08:00+01:00,0.093,-0.365
2018-08-02T15:00:00+01:00,0.082,-0.112
2018-08-02T18:52:00+01:00,0.057,-0.055
2018-08-02T22:44:00+01:00,0.052,-0.095
2018-08-03T02:36:00+01:00,0.076,-0.081
2018-08-03T06:28:00+01:00,0.043,-0.217
2018-08-03T10:20:00+01:00,0.058,-0.119
2018-08-03T14:12:00+01:00,0.033,-0.138
2018-08-03T18:04:00+01:00,0.238,-0.048
2018-08-03T21:56:00+01:00,0.181,-0.04
2018-08-04T01:48:00+01:00,0.105,-0.038
2018-08-04T05:40:00+01:00,0.131,-0.061
2018-08-04T09:32:00+01:00,0.068,-0.071
2018-08-04T13:24:00+01:00,0.055,-0.039
2018-08-04T17:16:00+01:00,0.015,-0.017
2018-08-04T21:08:00+01:00,0.012,-0.041
2018-08-05T01:00:00+01:00,0.009,-0.026
2018-08-05T04:52:00+01:00,0.017,-0.036
2018-08-05T08:44:00+01:00,0.027,-0.083
2018-08-05T12:36:00+01:00,0.066,-0.14
2018-08-05T16:28:00+01:00,0.064,-0.139
2018-08-05T20:20:00+01:00,0.085,-0.132
2018-08-06T00:12:00+01:00,0.095,-0.191
2018-08-06T04:04:00+01:00,0.403,-0.727
2018-08-06T07:56:00+01:00,0.211,-0.113
2018-08-06T11:48:00+01:00,0.136,-0.653
2018-08-06T15:40:00+01:00,0.055,-0.667
2018-08-06T19:32:00+01:00,0.11,-0.616
2018-08-06T23:24:00+01:00,0.142,-0.649
2018-08-07T03:16:00+01:00,0.075,-0.681
2018-08-07T07:08:00+01:00,0.898,-0.572
2018-08-07T11:00:00+01:00,0.493,-0.529
2018-08-07T14:52:00+01:00,0.33,-0.457
2018-08-07T18:44:00+01:00,0.683,-0.15
2018-08-07T22:36:00+01:00,0.253,-0.485
2018-08-08T02:28:00+01:00,0.444,-0.144
2018-08-08T06:20:00+01:00,0.12,-0.075
2018-08-08T10:12:00+01:00,0.719,-0.095
2018-08-08T14:04:00+01:00,0.09,-0.157
2018-08-08T17:56:00+01:00,0.569,-0.1
2018-08-08T21:48:00+01:00,1.204,-0.111
2018-08-09T01:40:00+01:00,0.482,-0.088
2018-08-09T05:32:00+01:00,0.164,-0.135
2018-08-09T09:24:00+01:00,1.231,-0.117
2018-08-09T13:16:00+01:00,0.05,-0.108
2018-08-09T17:08:00+01:00,0.122,-0.13
2018-08-09T21:00:00+01:00,0.124,-0.169
2018-08-10T00:52:00+01:00,0.075,-0.16
2018-08-10T04:44:00+01:00,0.031,-0.071
2018-08-10T08:36:00+01:00,0.059,-0.082
2018-08-10T12:28:00+01:00,0.077,-0.118
2018-08-10T16:20:00+01:00,0.053,-0.088
2018-08-10T20:12:00+01:00,0.057,-0.112
2018-08-11T00:04:00+01:00,0.051,-0.115
2018-08-11T03:56:00+01:00,0.163,-0.075
2018-08-11T07:48:00+01:00,0.317,-0.072
2018-08-11T11:40:00+01:00,2.363,-0.115
2018-08-11T15:32:00+01:00,0.118,-0.391
2018-08-11T19:24:00+01:00,0.133,-0.111
2018-08-11T23:16:00+01:00,0.015,-0.057
2018-08-12T03:08:00+01:00,0.006,-0.053
2018-08-12T07:00:00+01:00,0.076,-0.071
2018-08-12T10:52:00+01:00,0.21,-0.128
2018-08-12T14:44:00+01:00,0.342,-0.074
2018-08-12T18:36:00+01:00,0.078,-0.088
2018-08-12T22:28:00+01:00,0.032,-0.084
2018-08-13T02:20:00+01:00,0.008,-0.072
2018-08-13T06:12:00+01:00,0.119,-0.079
2018-08-13T10:04:00+01:00,1.221,-0.155
2018-08-13T13:56:00+01:00,0.233,-0.123
2018-08-13T17:48:00+01:00,0.171,-0.069
2018-08-13T21:40:00+01:00,0.854,-0.019
2018-08-14T01:32:00+01:00,0.012,-0.019
2018-08-14T05:24:00+01:00,0.133,-0.056
2018-08-14T09:16:00+01:00,0.575,-0.182
2018-08-14T13:08:00+01:00,0.265,-0.157
2018-08-14T17:00:00+01:00,0.122,-0.171
2018-08-14T20:52:00+01:00,0.05,-0.397
2018-08-15T00:44:00+01:00,0.014,-0.23
2018-08-15T04:36:00+01:00,0.057,-0.058
2018-08-15T08:28:00+01:00,0.204,-0.139
2018-08-15T12:20:00+01:00,0.113,-0.634
2018-08-15T16:12:00+01:00,0.093,-0.631
2018-08-15T20:04:00+01:00,0.083,-0.523
2018-08-15T23:56:00+01:00,0.005,-0.045
2018-08-16T03:48:00+01:00,0.022,-0.052
2018-08-16T07:40:00+01:00,0.087,-0.072
2018-08-16T11:32:00+01:00,0.05,-0.169
2018-08-16T15:24:00+01:00,0.095,-0.148
2018-08-16T19:16:00+01:00,0.068,-0.141
2018-08-16T23:08:00+01:00,0.128,-0.14
2018-08-17T03:00:00+01:00,0.054,-0.122
2018-08-17T06:52:00+01:00,0.083,-0.153
2018-08-17T10:44:00+01:00,0.092,-0.4
2018-08-17T14:36:00+01:00,0.103,-0.587
2018-08-17T18:28:00+01:00,0.195,-0.423
2018-08-17T22:20:00+01:00,0.166,-0.113
2018-08-18T02:12:00+01:00,0.229,-0.292
2018-08-18T06:04:00+01:00,0.069,-0.138
2018-08-18T09:56:00+01:00,0.138,-0.097
2018-08-18T13:48:00+01:00,0.078,-0.091
2018-08-18T17:40:00+01:00,0.072,-0.077
2018-08-18T21:32:00+01:00,0.047,-0.021
2018-08-19T01:24:00+01:00,0.08,-0.34
2018-08-19T05:16:00+01:00,0.081,-0.63
2018-08-19T09:08:00+01:00,0.113,-0.653
2018-08-19T13:00:00+01:00,0.054,-0.647
2018-08-19T16:52:00+01:00,0.055,-0.624
2018-08-19T20:44:00+01:00,0.131,-0.711
2018-08-20T00:36:00+01:00,0.108,-0.749
2018-08-20T04:28:00+01:00,0.102,-0.745
2018-08-20T08:20:00+01:00,0.367,-0.29
2018-08-20T12:12:00+01:00,0.308,-0.211
2018-08-20T16:04:00+01:00,0.182,-0.194
2018-08-20T19:56:00+01:00,0.144,-0.177
2018-08-20T23:48:00+01:00,0.05,-0.142
2018-08-21T03:40:00+01:00,0.01,-0.127
2018-08-21T07:32:00+01:00,0.181,-0.178
2018-08-21T11:24:00+01:00,0.054,-0.207
2018-08-21T15:16:00+01:00,0.109,-0.195
2018-08-21T19:08:00+01:00,0.16,-0.233
2018-08-21T23:00:00+01:00,0.119,-0.204
2018-08-22T02:52:00+01:00,0.069,-0.16
2018-08-22T06:44:00+01:00,0.169,-0.178
2018-08-22T10:36:00+01:00,0.141,-0.154
2018-08-22T14:28:00+01:00,0.238,-0.587
2018-08-22T18:20:00+01:00,0.402,-0.202
2018-08-22T22:12:00+01:00,0.193,-0.208
2018-08-23T02:04:00+01:00,0.184,-0.22
2018-08-23T05:56:00+01:00,0.384,-0.243
2018-08-23T09:48:00+01:00,0.401,-0.184
2018-08-23T13:40:00+01:00,0.305,-0.19
2018-08-23T17:32:00+01:00,0.264,-0.163
2018-08-23T21:24:00+01:00,0.231,-0.182
2018-08-24T01:16:00+01:00,0.127,-0.215
2018-08-24T05:08:00+01:00,0.129,-0.195
2018-08-24T09:00:00+01:00,0.243,-0.226
2018-08-24T12:52:00+01:00,0.122,-0.209
2018-08-24T16:44:00+01:00,0.111,-0.154
2018-08-24T20:36:00+01:00,0.373,-0.119
2018-08-25T00:28:00+01:00,0.362,-0.062
2018-08-25T04:20:00+01:00,0.02,-0.082
2018-08-25T08:12:00+01:00,0.281,-0.199
2018-08-25T12:04:00+01:00,0.38,-0.32
2018-08-25T15:56:00+01:00,0.123,-0.302
2018-08-25T19:48:00+01:00,0.082,-0.255
2018-08-25T23:40:00+01:00,0.043,-0.171
2018-08-26T03:32:00+01:00,0.012,-0.161
2018-08-26T07:24:00+01:00,0.408,-0.145
2018-08-26T11:16:00+01:00,0.349,-0.105
2018-08-26T15:08:00+01:00,0.317,-0.326
2018-08-26T19:00:00+01:00,0.19,-0.523
2018-08-26T22:52:00+01:00,0.189,-0.525
2018-08-27T02:44:00+01:00,0.075,-0.378
2018-08-27T06:36:00+01:00,0.139,-0.373
2018-08-27T10:28:00+01:00,0.261,-0.114
2018-08-27T14:20:00+01:00,0.031,-0.064
2018-08-27T18:12:00+01:00,0.259,-0.072
2018-08-27T22:04:00+01:00,0.01,-0.101
2018-08-28T01:56:00+01:00,0.015,-6.852
2018-08-28T05:48:00+01:00,0.063,-9.435
2018-08-28T09:40:00+01:00,0.107,-0.104
2018-08-28T13:32:00+01:00,0.122,-0.121
2018-08-28T17:24:00+01:00,0.125,-0.193
2018-08-28T21:16:00+01:00,0.129,-0.261
2018-08-29T01:08:00+01:00,0.053,-0.29
2018-08-29T05:00:00+01:00,0.145,-0.234
2018-08-29T08:52:00+01:00,0.217,-0.276
2018-08-29T12:44:00+01:00,0.084,-0.207
2018-08-29T16:36:00+01:00,0.122,-0.242
2018-08-29T20:28:00+01:00,0.53,-0.179
2018-08-30T00:20:00+01:00,0.424,-0.145
2018-08-30T04:12:00+01:00,0.294,-0.149
2018-08-30T08:04:00+01:00,0.339,-0.259
2018-08-30T11:56:00+01:00,0.201,-0.53
2018-08-30T15:48:00+01:00,0.263,-0.5
2018-08-30T19:40:00+01:00,0.13,-0.309
2018-08-30T23:32:00+01:00,0.085,-0.318
2018-08-31T03:24:00+01:00,0.042,-0.104
2018-08-31T07:16:00+01:00,0.197,-0.148
2018-08-31T11:08:00+01:00,0.28,-0.138
2018-08-31T15:00:00+01:00,0.235,-0.135
2018-08-31T18:52:00+01:00,0.064,-0.111
2018-08-31T22:44:00+01:00,0.106,-0.025
2018-09-01T02:36:00+01:00,0.053,-0.498
2018-09-01T06:28:00+01:00,0.069,-0.19
2018-09-01T10:20:00+01:00,0.094,-0.219
2018-09-01T14:12:00+01:00,0.197,-0.162
2018-09-01T18:04:00+01:00,0.15,-0.19
2018-09-01T21:56:00+01:00,0.272,-0.193
2018-09-02T01:48:00+01:00,0.243,-0.166
2018-09-02T05:40:00+01:00,0.107,-0.187
2018-09-02T09:32:00+01:00,0.278,-0.187
2018-09-02T13:24:00+01:00,0.219,-0.202
2018-09-02T17:16:00+01:00,0.168,-0.199
2018-09-02T21:08:00+01:00,0.154,-0.178
2018-09-03T01:00:00+01:00,0.052,-0.12
2018-09-03T04:52:00+01:00,0.151,-0.165
2018-09-03T08:44:00+01:00,0.547,-0.667
2018-09-03T12:36:00+01:00,0.494,-0.842
2018-09-03T16:28:00+01:00,0.122,-0.523
2018-09-03T20:20:00+01:00,0.082,-0.349
2018-09-04T00:12:00+01:00,0.066,-0.438
2018-09-04T04:04:00+01:00,0.345,-0.115
2018-09-04T07:56:00+01:00,0.401,-0.181
2018-09-04T11:48:00+01:00,0.402,-0.291
2018-09-04T15:40:00+01:00,0.288,-0.281
2018-09-04T19:32:00+01:00,0.188,-0.187
2018-09-04T23:24:00+01:00,0.126,-0.228
2018-09-05T03:16:00+01:00,0.098,-0.227
2018-09-05T07:08:00+01:00,0.341,-0.173
2018-09-05T11:00:00+01:00,0.255,-0.167
2018-09-05T14:52:00+01:00,0.289,-0.158
2018-09-05T18:44:00+01:00,0.122,-0.156
2018-09-05T22:36:00+01:00,0.1,-0.131
2018-09-06T02:28:00+01:00,0.101,-0.19
2018-09-06T06:20:00+01:00,0.158,-0.172
2018-09-06T10:12:00+01:00,0.34,-0.119
2018-09-06T14:04:00+01:00,0.372,-0.237
2018-09-06T17:56:00+01:00,0.356,-0.312
2018-09-06T21:48:00+01:00,0.134,-0.432
2018-09-07T01:40:00+01:00,0.143,-0.322
2018-09-07T05:32:00+01:00,0.271,-0.416
2018-09-07T09:24:00+01:00,0.423,-0.402
2018-09-07T13:16:00+01:00,0.199,-0.132
2018-09-07T17:08:00+01:00,0.196,-0.182
2018-09-07T21:00:00+01:00,0.106,-0.202
2018-09-08T00:52:00+01:00,0.149,-0.199
2018-09-08T04:44:00+01:00,0.342,-0.227
2018-09-08T08:36:00+01:00,0.388,-0.208
2018-09-08T12:28:00+01:00,0.35,-0.293
2018-09-08T16:20:00+01:00,0.228,-0.266
2018-09-08T20:12:00+01:00,0.165,-0.248
2018-09-09T00:04:00+01:00,0.167,-0.275
2018-09-09T03:56:00+01:00,0.175,-0.285
2018-09-09T07:48:00+01:00,0.24,-0.284
2018-09-09T11:40:00+01:00,0.336,-0.163
2018-09-09T15:32:00+01:00,0.406,-0.369
2018-09-09T19:24:00+01:00,0.374,-0.559
2018-09-09T23:16:00+01:00,0.129,-0.553
2018-09-10T03:08:00+01:00,0.068,-0.468
2018-09-10T07:00:00+01:00,0.106,-0.366
2018-09-10T10:52:00+01:00,0.129,-0.271
2018-09-10T14:44:00+01:00,0.421,-0.231
2018-09-10T18:36:00+01:00,0.101,-0.147
2018-09-10T22:28:00+01:00,0.306,-0.088
2018-09-11T02:20:00+01:00,0.267,-0.186
2018-09-11T06:12:00+01:00,0.216,-0.15
2018-09-11T10:04:00+01:00,0.277,-0.172
2018-09-11T13:56:00+01:00,0.521,-0.188
2018-09-11T17:48:00+01:00,0.065,-0.099
2018-09-11T21:40:00+01:00,0.2,-0.09
2018-09-12T01:32:00+01:00,0.037,-0.132
2018-09-12T05:24:00+01:00,0.156,-0.212
2018-09-12T09:16:00+01:00,0.349,-0.123
2018-09-12T13:08:00+01:00,0.47,-0.185
2018-09-12T17:00:00+01:00,0.062,-0.218
2018-09-12T20:52:00+01:00,0.167,-0.181
2018-09-13T00:44:00+01:00,0.018,-0.203
2018-09-13T04:36:00+01:00,0.032,-0.096
2018-09-13T08:28:00+01:00,0.343,-0.149
2018-09-13T12:20:00+01:00,0.48,-0.271
2018-09-13T16:12:00+01:00,0.054,-0.089
2018-09-13T20:04:00+01:00,0.185,-0.142
2018-09-13T23:56:00+01:00,0.187,-0.157
2018-09-14T03:48:00+01:00,0.11,-0.103
2018-09-14T07:40:00+01:00,0.229,-0.277
2018-09-14T11:32:00+01:00,0.345,-0.238
2018-09-14T15:24:00+01:00,0.302,-0.144
2018-09-14T19:16:00+01:00,0.058,-0.174
2018-09-14T23:08:00+01:00,0.145,-0.151
2018-09-15T03:00:00+01:00,0.274,-0.142
2018-09-15T06:52:00+01:00,0.275,-0.229
2018-09-15T10:44:00+01:00,0.207,-0.419
2018-09-15T14:36:00+01:00,0.191,-0.556
2018-09-15T18:28:00+01:00,0.192,-0.606
2018-09-15T22:20:00+01:00,0.169,-0.45
2018-09-16T02:12:00+01:00,0.121,-0.391
2018-09-16T06:04:00+01:00,0.279,-0.219
2018-09-16T09:56:00+01:00,0.354,-0.137
2018-09-16T13:48:00+01:00,0.212,-0.202
2018-09-16T17:40:00+01:00,0.12,-0.2
2018-09-16T21:32:00+01:00,0.182,-0.252
2018-09-17T01:24:00+01:00,0.039,-0.168
2018-09-17T05:16:00+01:00,0.093,-0.16
2018-09-17T09:08:00+01:00,0.342,-0.242
2018-09-17T13:00:00+01:00,0.221,-0.188
2018-09-17T16:52:00+01:00,0.221,-0.196
2018-09-17T20:44:00+01:00,0.238,-0.433
2018-09-18T00:36:00+01:00,0.104,-0.19
2018-09-18T04:28:00+01:00,0.113,-0.102
2018-09-18T08:20:00+01:00,0.191,-0.15
2018-09-18T12:12:00+01:00,0.032,-0.086
2018-09-18T16:04:00+01:00,0.13,-0.086
2018-09-18T19:56:00+01:00,0.289,-0.183
2018-09-18T23:48:00+01:00,0.147,-0.138
2018-09-19T03:40:00+01:00,0.076,-0.135
2018-09-19T07:32:00+01:00,0.287,-0.166
2018-09-19T11:24:00+01:00,0.245,-0.238
2018-09-19T15:16:00+01:00,0.103,-0.15
2018-09-19T19:08:00+01:00,0.072,-0.08
2018-09-19T23:00:00+01:00,0.01,-0.15
2018-09-20T02:52:00+01:00,0.007,-0.126
2018-09-20T06:44:00+01:00,0.05,-0.128
2018-09-20T10:36:00+01:00,0.041,-0.129
2018-09-20T14:28:00+01:00,0.182,-0.244
2018-09-20T18:20:00+01:00,0.366,-0.118
2018-09-20T22:12:00+01:00,0.131,-0.042
2018-09-21T02:04:00+01:00,0.012,-0.025
2018-09-21T05:56:00+01:00,0.032,-0.01
2018-09-21T09:48:00+01:00,0.058,-0.347
2018-09-21T13:40:00+01:00,0.023,-0.372
2018-09-21T17:32:00+01:00,0.169,-0.313
2018-09-21T21:24:00+01:00,0.092,-0.236
2018-09-22T01:16:00+01:00,0.156,-0.094
2018-09-22T05:08:00+01:00,0.078,-0.163
2018-09-22T09:00:00+01:00,0.099,-0.183
2018-09-22T12:52:00+01:00,0.013,-0.298
2018-09-22T16:44:00+01:00,0.104,-0.455
2018-09-22T20:36:00+01:00,0.064,-0.061
2018-09-23T00:28:00+01:00,0.123,-0.103
2018-09-23T04:20:00+01:00,0.264,-0.122
2018-09-23T08:12:00+01:00,0.151,-0.136
2018-09-23T12:04:00+01:00,0.111,-0.509
2018-09-23T15:56:00+01:00,0.264,-0.682
2018-09-23T19:48:00+01:00,0.199,-0.727
2018-09-23T23:40:00+01:00,0.134,-0.553
2018-09-24T03:32:00+01:00,0.049,-0.482
2018-09-24T07:24:00+01:00,0.142,-0.497
2018-09-24T11:16:00+01:00,0.046,-0.562
2018-09-24T15:08:00+01:00,0.074,-0.539
2018-09-24T19:00:00+01:00,0.076,-0.617
2018-09-24T22:52:00+01:00,0.249,-0.582
2018-09-25T02:44:00+01:00,0.137,-0.618
2018-09-25T06:36:00+01:00,0.046,-0.624
2018-09-25T10:28:00+01:00,0.138,-0.675
2018-09-25T14:20:00+01:00,0.075,-0.505
2018-09-25T18:12:00+01:00,0.227,-0.528
2018-09-25T22:04:00+01:00,0.145,-0.553
2018-09-26T01:56:00+01:00,0.114,-0.53
2018-09-26T05:48:00+01:00,0.149,-0.637
2018-09-26T09:40:00+01:00,0.16,-0.649
2018-09-26T13:32:00+01:00,0.082,-0.632
2018-09-26T17:24:00+01:00,0.057,-0.412
2018-09-26T21:16:00+01:00,0.143,-0.258
2018-09-27T01:08:00+01:00,0.24,-0.241
2018-09-27T05:00:00+01:00,0.194,-0.298
2018-09-27T08:52:00+01:00,0.148,-0.204
2018-09-27T12:44:00+01:00,0.1,-0.104
2018-09-27T16:36:00+01:00,0.124,-0.147
2018-09-27T20:28:00+01:00,0.107,-0.219
2018-09-28T00:20:00+01:00,0.074,-0.15
2018-09-28T04:12:00+01:00,0.044,-0.087
2018-09-28T08:04:00+01:00,0.133,-0.142
2018-09-28T11:56:00+01:00,0.071,-0.178
2018-09-28T15:48:00+01:00,0.04,-0.098
2018-09-28T19:40:00+01:00,0.043,-0.179
2018-09-28T23:32:00+01:00,0.049,-0.217
2018-09-29T03:24:00+01:00,0.012,-0.1
2018-09-29T07:16:00+01:00,0.086,-0.147
2018-09-29T11:08:00+01:00,0.036,-0.142
2018-09-29T15:00:00+01:00,0.062,-0.108
2018-09-29T18:52:00+01:00,0.076,-0.102
2018-09-29T22:44:00+01:00,0.083,-0.142
2018-09-30T02:36:00+01:00,0.082,-0.154
2018-09-30T06:28:00+01:00,0.097,-0.168
2018-09-30T10:20:00+01:00,0.111,-0.196
2018-09-30T14:12:00+01:00,0.105,-0.25
2018-09-30T18:04:00+01:00,0.09,-0.18
2018-09-30T21:56:00+01:00,0.099,-0.111
2018-10-01T01:48:00+01:00,0.048,-0.134
2018-10-01T05:40:00+01:00,0.074,-0.132
2018-10-01T09:32:00+01:00,0.191,-0.244
2018-10-01T13:24:00+01:00,0.122,-0.358
2018-10-01T17:16:00+01:00,0.07,-0.39
2018-10-01T21:08:00+01:00,0.044,-0.306
2018-10-02T01:00:00+01:00,0.033,-0.236
2018-10-02T04:52:00+01:00,0.039,-0.146
2018-10-02T08:44:00+01:00,0.133,-0.179
2018-10-02T12:36:00+01:00,0.035,-0.267
2018-10-02T16:28:00+01:00,0.066,-0.17
2018-10-02T20:20:00+01:00,0.166,-0.14
2018-10-03T00:12:00+01:00,0.011,-0.073
2018-10-03T04:04:00+01:00,0.02,-0.052
2018-10-03T07:56:00+01:00,0.083,-0.094
2018-10-03T11:48:00+01:00,0.101,-0.136
2018-10-03T15:40:00+01:00,0.091,-0.131
2018-10-03T19:32:00+01:00,0.037,-0.064
2018-10-03T23:24:00+01:00,0.022,-0.115
2018-10-04T03:16:00+01:00,0.043,-0.041
2018-10-04T07:08:00+01:00,0.123,-0.066
2018-10-04T11:00:00+01:00,0.173,-0.146
2018-10-04T14:52:00+01:00,0.19,-0.203
2018-10-04T18:44:00+01:00,0.149,-0.138
2018-10-04T22:36:00+01:00,0.072,-0.14
2018-10-05T02:28:00+01:00,0.1,-0.058
2018-10-05T06:20:00+01:00,0.125,-0.077
2018-10-05T10:12:00+01:00,0.139,-0.101
2018-10-05T14:04:00+01:00,0.087,-0.142
2018-10-05T17:56:00+01:00,0.048,-0.154
2018-10-05T21:48:00+01:00,0.013,-0.086
2018-10-06T01:40:00+01:00,0.006,-0.042
2018-10-06T05:32:00+01:00,0.058,-0.157
2018-10-06T09:24:00+01:00,0.067,-0.119
2018-10-06T13:16:00+01:00,0.076,-0.151
2018-10-06T17:08:00+01:00,0.054,-0.133
2018-10-06T21:00:00+01:00,0.059,-0.088
2018-10-07T00:52:00+01:00,0.06,-0.149
2018-10-07T04:44:00+01:00,0.094,-0.184
2018-10-07T08:36:00+01:00,0.087,-0.576
2018-10-07T12:28:00+01:00,0.039,-0.463
2018-10-07T16:20:00+01:00,0.031,-0.071
2018-10-07T20:12:00+01:00,0.129,-0.167
2018-10-08T00:04:00+01:00,0.118,-0.15
2018-10-08T03:56:00+01:00,0.076,-0.122
2018-10-08T07:48:00+01:00,0.142,-0.242
2018-10-08T11:40:00+01:00,0.167,-0.482
2018-10-08T15:32:00+01:00,0.139,-0.494
2018-10-08T19:24:00+01:00,0.09,-0.385
2018-10-08T23:16:00+01:00,0.058,-0.586
2018-10-09T03:08:00+01:00,0.061,-0.721
2018-10-09T07:00:00+01:00,0.079,-0.496
2018-10-09T10:52:00+01:00,0.058,-0.105
2018-10-09T14:44:00+01:00,0.099,-0.168
2018-10-09T18:36:00+01:00,0.258,-0.092
2018-10-09T22:28:00+01:00,0.242,-0.196
2018-10-10T02:20:00+01:00,0.208,-0.233
2018-10-10T06:12:00+01:00,0.145,-0.232
2018-10-10T10:04:00+01:00,0.158,-0.221
2018-10-10T13:56:00+01:00,0.119,-0.193
2018-10-10T17:48:00+01:00,0.096,-0.266
2018-10-10T21:40:00+01:00,0.148,-0.369
2018-10-11T01:32:00+01:00,0.306,-0.311
2018-10-11T05:24:00+01:00,0.258,-0.364
2018-10-11T09:16:00+01:00,0.273,-0.42
2018-10-11T13:08:00+01:00,0.219,-0.359
2018-10-11T17:00:00+01:00,0.185,-0.316
2018-10-11T20:52:00+01:00,0.072,-0.349
2018-10-12T00:44:00+01:00,0.035,-0.138
2018-10-12T04:36:00+01:00,0.071,-0.116
2018-10-12T08:28:00+01:00,0.316,-0.129
2018-10-12T12:20:00+01:00,0.146,-0.125
2018-10-12T16:12:00+01:00,0.209,-0.134
2018-10-12T20:04:00+01:00,0.19,-0.179
2018-10-12T23:56:00+01:00,0.084,-0.297
2018-10-13T03:48:00+01:00,0.022,-0.083
2018-10-13T07:40:00+01:00,0.035,-0.134
2018-10-13T11:32:00+01:00,0.106,-0.235
2018-10-13T15:24:00+01:00,0.322,-0.738
2018-10-13T19:16:00+01:00,0.351,-0.518
2018-10-13T23:08:00+01:00,0.281,-0.386
2018-10-14T03:00:00+01:00,0.266,-0.435
2018-10-14T06:52:00+01:00,0.095,-0.15
2018-10-14T10:44:00+01:00,0.131,-0.163
2018-10-14T14:36:00+01:00,0.135,-0.163
2018-10-14T18:28:00+01:00,0.204,-0.146
2018-10-14T22:20:00+01:00,0.17,-0.209
2018-10-15T02:12:00+01:00,0.073,-0.14
2018-10-15T06:04:00+01:00,0.065,-0.087
2018-10-15T09:56:00+01:00,0.302,-0.211
2018-10-15T13:48:00+01:00,0.286,-0.37
2018-10-15T17:40:00+01:00,0.364,-0.373
2018-10-15T21:32:00+01:00,0.33,-0.373
2018-10-16T01:24:00+01:00,0.26,-0.346
2018-10-16T05:16:00+01:00,0.262,-0.36
2018-10-16T09:08:00+01:00,0.238,-0.352
2018-10-16T13:00:00+01:00,0.301,-0.422
2018-10-16T16:52:00+01:00,0.211,-0.249
2018-10-16T20:44:00+01:00,0.148,-0.097
2018-10-17T00:36:00+01:00,0.189,-0.235
2018-10-17T04:28:00+01:00,0.1,-0.076
2018-10-17T08:20:00+01:00,0.497,-0.313
2018-10-17T12:12:00+01:00,0.766,-0.435
2018-10-17T16:04:00+01:00,0.688,-0.61
2018-10-17T19:56:00+01:00,0.739,-0.742
2018-10-17T23:48:00+01:00,0.793,-0.786
2018-10-18T03:40:00+01:00,0.794,-0.838
2018-10-18T07:32:00+01:00,0.892,-1.033
2018-10-18T11:24:00+01:00,0.692,-0.799
2018-10-18T15:16:00+01:00,0.8,-0.808
2018-10-18T19:08:00+01:00,0.799,-0.746
2018-10-18T23:00:00+01:00,0.924,-0.714
2018-10-19T02:52:00+01:00,0.824,-0.692
2018-10-19T06:44:00+01:00,0.851,-0.753
2018-10-19T10:36:00+01:00,0.693,-0.907
2018-10-19T14:28:00+01:00,0.694,-0.893
2018-10-19T18:20:00+01:00,0.556,-0.859
2018-10-19T22:12:00+01:00,0.635,-0.802
2018-10-20T02:04:00+01:00,null,null
2018-10-20T05:56:00+01:00,1.055,-0.504
2018-10-20T09:48:00+01:00,1.058,-0.067
2018-10-20T13:40:00+01:00,1.055,-0.082
2018-10-20T17:32:00+01:00,0.888,-0.08
2018-10-20T21:24:00+01:00,0.625,-0.102
2018-10-21T01:16:00+01:00,0.509,-0.06
2018-10-21T05:08:00+01:00,0.852,-0.057
2018-10-21T09:00:00+01:00,1.033,-0.065
2018-10-21T12:52:00+01:00,1.078,-0.075
2018-10-21T16:44:00+01:00,1.045,-0.088
2018-10-21T20:36:00+01:00,0.706,-0.188
2018-10-22T00:28:00+01:00,0.17,-0.168
2018-10-22T04:20:00+01:00,0.056,-0.149
2018-10-22T08:12:00+01:00,0.755,-0.211
2018-10-22T12:04:00+01:00,1.087,-0.23
2018-10-22T15:56:00+01:00,0.749,-0.197
2018-10-22T19:48:00+01:00,0.474,-0.157
2018-10-22T23:40:00+01:00,0.227,-0.146
2018-10-23T03:32:00+01:00,0.078,-0.149
2018-10-23T07:24:00+01:00,0.833,-0.052
2018-10-23T11:16:00+01:00,1.266,-0.065
2018-10-23T15:08:00+01:00,0.993,-0.082
2018-10-23T19:00:00+01:00,0.834,-0.133
2018-10-23T22:52:00+01:00,0.723,-0.158
2018-10-24T02:44:00+01:00,0.777,-0.232
2018-10-24T06:36:00+01:00,0.826,-0.16
2018-10-24T10:28:00+01:00,1.024,-0.081
2018-10-24T14:20:00+01:00,0.689,-0.136
2018-10-24T18:12:00+01:00,0.785,-0.125
2018-10-24T22:04:00+01:00,0.485,-0.051
2018-10-25T01:56:00+01:00,0.001,-0.001
2018-10-25T05:48:00+01:00,0.004,0
2018-10-25T09:40:00+01:00,0.022,-0.005
2018-10-25T13:32:00+01:00,0.023,-0.108
2018-10-25T17:24:00+01:00,0.043,-0.055
2018-10-25T21:16:00+01:00,0.023,-0.031
2018-10-26T01:08:00+01:00,0.018,-0.024
2018-10-26T05:00:00+01:00,0.044,-0.031
2018-10-26T08:52:00+01:00,0.025,-0.077
2018-10-26T12:44:00+01:00,0.03,-0.196
2018-10-26T16:36:00+01:00,0.051,-0.287
2018-10-26T20:28:00+01:00,0.688,-0.012
2018-10-27T00:20:00+01:00,0.73,-0.012
2018-10-27T04:12:00+01:00,0.698,-0.025
2018-10-27T08:04:00+01:00,0.588,-0.021
2018-10-27T11:56:00+01:00,0.114,-0.025
2018-10-27T15:48:00+01:00,0.285,-0.031
2018-10-27T19:40:00+01:00,0.322,-0.02
2018-10-27T23:32:00+01:00,0.267,-0.115
2018-10-28T02:24:00+00:00,0.415,-0.01
2018-10-28T06:16:00+00:00,0.302,-0.022
2018-10-28T10:08:00+00:00,0.381,-0.021
2018-10-28T14:00:00+00:00,0.228,-0.021
2018-10-28T17:52:00+00:00,0.223,-0.014
2018-10-28T21:44:00+00:00,0.392,-0.017
2018-10-29T01:36:00+00:00,0.308,-0.019
2018-10-29T05:28:00+00:00,0.363,-0.014
2018-10-29T09:20:00+00:00,0.16,-0.012
2018-10-29T13:12:00+00:00,0.38,-0.035
2018-10-29T17:04:00+00:00,0.785,-0.172
2018-10-29T20:56:00+00:00,1.626,-0.073
2018-10-30T00:48:00+00:00,3.315,-0.008
2018-10-30T04:40:00+00:00,4.204,-0.013
2018-10-30T08:32:00+00:00,3.269,-0.092
2018-10-30T12:24:00+00:00,2.201,-0.051
2018-10-30T16:16:00+00:00,4.255,-0.112
2018-10-30T20:08:00+00:00,3.131,-0.163
2018-10-31T00:00:00+00:00,2.544,-0.042
2018-10-31T03:52:00+00:00,0.887,-0.009
2018-10-31T07:44:00+00:00,0.365,-0.002
2018-10-31T11:36:00+00:00,null,null
2018-10-31T15:28:00+00:00,null,null
2018-10-31T19:20:00+00:00,null,null
2018-10-31T23:12:00+00:00,null,null
2018-11-01T03:04:00+00:00,null,null
2018-11-01T06:56:00+00:00,null,null
2018-11-01T10:48:00+00:00,3.599,-0.134
2018-11-01T14:40:00+00:00,3.714,-0.161
2018-11-01T18:32:00+00:00,2.665,-0.205
2018-11-01T22:24:00+00:00,2.454,-0.13
2018-11-02T02:16:00+00:00,1.32,-0.167
2018-11-02T06:08:00+00:00,0.744,-0.353
2018-11-02T10:00:00+00:00,0.691,-0.614
2018-11-02T13:52:00+00:00,0.721,-0.635
2018-11-02T17:44:00+00:00,0.68,-0.692
2018-11-02T21:36:00+00:00,0.745,-0.617
2018-11-03T01:28:00+00:00,0.487,-0.693
2018-11-03T05:20:00+00:00,0.613,-0.632
2018-11-03T09:12:00+00:00,0.588,-0.638
2018-11-03T13:04:00+00:00,0.642,-0.715
2018-11-03T16:56:00+00:00,0.701,-0.622
2018-11-03T20:48:00+00:00,0.717,-0.75
2018-11-04T00:40:00+00:00,0.684,-0.686
2018-11-04T04:32:00+00:00,0.708,-0.706
2018-11-04T08:24:00+00:00,0.553,-0.608
2018-11-04T12:16:00+00:00,0.716,-0.615
2018-11-04T16:08:00+00:00,0.846,-0.901
2018-11-04T20:00:00+00:00,0.775,-0.834
2018-11-04T23:52:00+00:00,0.831,-0.91
2018-11-05T03:44:00+00:00,0.835,-0.883
2018-11-05T07:36:00+00:00,0.852,-0.755
2018-11-05T11:28:00+00:00,0.693,-0.711
2018-11-05T15:20:00+00:00,0.796,-0.743
2018-11-05T19:12:00+00:00,0.794,-0.82
2018-11-05T23:04:00+00:00,0.771,-0.847
2018-11-06T02:56:00+00:00,0.795,-0.879
2018-11-06T06:48:00+00:00,0.797,-0.878
2018-11-06T10:40:00+00:00,0.776,-0.731
2018-11-06T14:32:00+00:00,0.866,-0.801
2018-11-06T18:24:00+00:00,0.781,-0.682
2018-11-06T22:16:00+00:00,0.857,-0.803
2018-11-07T02:08:00+00:00,0.773,-0.745
2018-11-07T06:00:00+00:00,0.729,-0.733
2018-11-07T09:52:00+00:00,0.2,-0.279
2018-11-07T13:44:00+00:00,0.183,-0.274
2018-11-07T17:36:00+00:00,0.068,-0.159
2018-11-07T21:28:00+00:00,0.069,-0.084
2018-11-08T01:20:00+00:00,0.067,-0.079
2018-11-08T05:12:00+00:00,0.039,-0.093
2018-11-08T09:04:00+00:00,0.1,-0.14
2018-11-08T12:56:00+00:00,0.074,-0.206
2018-11-08T16:48:00+00:00,0.107,-0.195
2018-11-08T20:40:00+00:00,0.065,-0.256
2018-11-09T00:32:00+00:00,0.031,-0.132
2018-11-09T04:24:00+00:00,0.22,-0.125
2018-11-09T08:16:00+00:00,0.267,-0.192
2018-11-09T12:08:00+00:00,0.127,-0.19
2018-11-09T16:00:00+00:00,0.239,-0.217
2018-11-09T19:52:00+00:00,0.208,-0.232
2018-11-09T23:44:00+00:00,0.117,-0.151
2018-11-10T03:36:00+00:00,0.038,-0.159
2018-11-10T07:28:00+00:00,0.124,-0.12
2018-11-10T11:20:00+00:00,0.044,-0.173
2018-11-10T15:12:00+00:00,0.068,-0.148
2018-11-10T19:04:00+00:00,0.192,-0.164
2018-11-10T22:56:00+00:00,0.216,-0.125
2018-11-11T02:48:00+00:00,0.192,-0.096
2018-11-11T06:40:00+00:00,0.125,-0.085
2018-11-11T10:32:00+00:00,0.109,-0.102
2018-11-11T14:24:00+00:00,0.084,-0.128
2018-11-11T18:16:00+00:00,0.067,-0.137
2018-11-11T22:08:00+00:00,0.193,-0.437
2018-11-12T02:00:00+00:00,0.108,-0.354
2018-11-12T05:52:00+00:00,0.124,-0.363
2018-11-12T09:44:00+00:00,0.358,-0.48
2018-11-12T13:36:00+00:00,0.371,-0.274
2018-11-12T17:28:00+00:00,0.222,-0.678
2018-11-12T21:20:00+00:00,0.138,-0.676
2018-11-13T01:12:00+00:00,0.118,-0.648
2018-11-13T05:04:00+00:00,0.18,-0.649
2018-11-13T08:56:00+00:00,0.112,-0.298
2018-11-13T12:48:00+00:00,0.179,-0.171
2018-11-13T16:40:00+00:00,0.123,-0.197
2018-11-13T20:32:00+00:00,0.126,-0.302
2018-11-14T00:24:00+00:00,0.103,-0.294
2018-11-14T04:16:00+00:00,0.163,-0.238
2018-11-14T08:08:00+00:00,0.094,-0.186
2018-11-14T12:00:00+00:00,0.088,-0.205
2018-11-14T15:52:00+00:00,0.242,-0.149
2018-11-14T19:44:00+00:00,0.234,-0.156
2018-11-14T23:36:00+00:00,0.218,-0.204
2018-11-15T03:28:00+00:00,0.056,-0.352
2018-11-15T07:20:00+00:00,0.1,-0.089
2018-11-15T11:12:00+00:00,0.165,-0.121
2018-11-15T15:04:00+00:00,0.08,-0.114
2018-11-15T18:56:00+00:00,0.083,-0.099
2018-11-15T22:48:00+00:00,0.467,-0.535
2018-11-16T02:40:00+00:00,0.375,-0.699
2018-11-16T06:32:00+00:00,0.177,-0.125
2018-11-16T10:24:00+00:00,0.169,-0.226
2018-11-16T14:16:00+00:00,0.207,-0.152
2018-11-16T18:08:00+00:00,0.124,-0.229
2018-11-16T22:00:00+00:00,0.209,-0.271
2018-11-17T01:52:00+00:00,0.52,-0.786
2018-11-17T05:44:00+00:00,0.622,-0.645
2018-11-17T09:36:00+00:00,0.668,-0.675
2018-11-17T13:28:00+00:00,0.61,-0.626
2018-11-17T17:20:00+00:00,0.543,-0.579
2018-11-17T21:12:00+00:00,0.657,-0.662
2018-11-18T01:04:00+00:00,0.686,-0.701
2018-11-18T04:56:00+00:00,0.698,-0.733
2018-11-18T08:48:00+00:00,0.745,-0.689
2018-11-18T12:40:00+00:00,0.734,-0.726
2018-11-18T16:32:00+00:00,0.735,-0.697
2018-11-18T20:24:00+00:00,0.746,-0.839
2018-11-19T00:16:00+00:00,0.647,-0.697
2018-11-19T04:08:00+00:00,0.654,-0.642
2018-11-19T08:00:00+00:00,0.685,-0.743
2018-11-19T11:52:00+00:00,0.713,-0.721
2018-11-19T15:44:00+00:00,0.736,-0.714
2018-11-19T19:36:00+00:00,0.594,-0.632
2018-11-19T23:28:00+00:00,0.481,-0.478
2018-11-20T03:20:00+00:00,0.495,-0.554
2018-11-20T07:12:00+00:00,0.78,-0.695
2018-11-20T11:04:00+00:00,0.888,-0.938
2018-11-20T14:56:00+00:00,0.859,-0.808
2018-11-20T18:48:00+00:00,0.881,-0.839
2018-11-20T22:40:00+00:00,0.834,-0.865
2018-11-21T02:32:00+00:00,0.794,-0.804
2018-11-21T06:24:00+00:00,0.814,-0.725
2018-11-21T10:16:00+00:00,0.792,-0.753
2018-11-21T14:08:00+00:00,0.872,-0.835
2018-11-21T18:00:00+00:00,0.707,-3.521
2018-11-21T21:52:00+00:00,0.775,-2.761
2018-11-22T01:44:00+00:00,0.918,-1.158
2018-11-22T05:36:00+00:00,0.648,-0.928
2018-11-22T09:28:00+00:00,0.12,-0.348
2018-11-22T13:20:00+00:00,0.147,-0.559
2018-11-22T17:12:00+00:00,0.162,-0.433
2018-11-22T21:04:00+00:00,0.166,-0.281
2018-11-23T00:56:00+00:00,0.106,-0.2
2018-11-23T04:48:00+00:00,0.089,-0.173
2018-11-23T08:40:00+00:00,0.12,-0.119
2018-11-23T12:32:00+00:00,0.152,-0.118
2018-11-23T16:24:00+00:00,0.116,-0.146
2018-11-23T20:16:00+00:00,0.048,-0.153
2018-11-24T00:08:00+00:00,0.079,-0.205
2018-11-24T04:00:00+00:00,0.268,-0.32
2018-11-24T07:52:00+00:00,0.29,-0.34
2018-11-24T11:44:00+00:00,0.352,-0.373
2018-11-24T15:36:00+00:00,0.377,-0.443
2018-11-24T19:28:00+00:00,0.4,-0.584
2018-11-24T23:20:00+00:00,0.301,-0.624
2018-11-25T03:12:00+00:00,0.171,-0.578
2018-11-25T07:04:00+00:00,0.263,-0.591
2018-11-25T10:56:00+00:00,0.279,-0.529
2018-11-25T14:48:00+00:00,0.185,-0.303
2018-11-25T18:40:00+00:00,0.207,-0.237
2018-11-25T22:32:00+00:00,0.285,-0.383
2018-11-26T02:24:00+00:00,0.179,-0.327
2018-11-26T06:16:00+00:00,0.159,-0.301
2018-11-26T10:08:00+00:00,0.194,-0.333
2018-11-26T14:00:00+00:00,0.229,-0.384
2018-11-26T17:52:00+00:00,0.236,-0.345
2018-11-26T21:44:00+00:00,0.143,-0.175
2018-11-27T01:36:00+00:00,0.128,-0.173
2018-11-27T05:28:00+00:00,0.203,-0.202
2018-11-27T09:20:00+00:00,0.252,-0.26
2018-11-27T13:12:00+00:00,0.502,-0.216
2018-11-27T17:04:00+00:00,0.25,-0.156
2018-11-27T20:56:00+00:00,0.217,-0.225
2018-11-28T00:48:00+00:00,0.213,-0.333
2018-11-28T04:40:00+00:00,0.259,-0.163
2018-11-28T08:32:00+00:00,0.118,-0.235
2018-11-28T12:24:00+00:00,0.274,-0.344
2018-11-28T16:16:00+00:00,0.175,-0.287
2018-11-28T20:08:00+00:00,0.18,-0.182
2018-11-29T00:00:00+00:00,0.056,-0.153
2018-11-29T03:52:00+00:00,0.04,-0.099
2018-11-29T07:44:00+00:00,0.113,-0.123
2018-11-29T11:36:00+00:00,0.348,-0.242
2018-11-29T15:28:00+00:00,0.694,-0.611
2018-11-29T19:20:00+00:00,0.839,-0.788
2018-11-29T23:12:00+00:00,0.827,-0.767
2018-11-30T03:04:00+00:00,0.838,-0.783
2018-11-30T06:56:00+00:00,0.844,-0.765
2018-11-30T10:48:00+00:00,0.877,-0.772
2018-11-30T14:40:00+00:00,0.899,-0.727
2018-11-30T18:32:00+00:00,0.98,-0.684
2018-11-30T22:24:00+00:00,0.864,-0.661
2018-12-01T02:16:00+00:00,0.609,-0.723
2018-12-01T06:08:00+00:00,0.74,-0.647
2018-12-01T10:00:00+00:00,0.721,-0.638
2018-12-01T13:52:00+00:00,0.685,-0.65
2018-12-01T17:44:00+00:00,0.664,-0.671
2018-12-01T21:36:00+00:00,0.667,-0.647
2018-12-02T01:28:00+00:00,0.632,-0.63
2018-12-02T05:20:00+00:00,0.649,-0.496
2018-12-02T09:12:00+00:00,0.715,-0.508
2018-12-02T13:04:00+00:00,0.787,-0.547
2018-12-02T16:56:00+00:00,0.855,-0.58
2018-12-02T20:48:00+00:00,0.756,-0.64
2018-12-03T00:40:00+00:00,0.7,-0.677
2018-12-03T04:32:00+00:00,0.698,-0.639
2018-12-03T08:24:00+00:00,0.754,-0.631
2018-12-03T12:16:00+00:00,0.844,-0.63
2018-12-03T16:08:00+00:00,0.726,-0.606
2018-12-03T20:00:00+00:00,0.936,-0.602
2018-12-03T23:52:00+00:00,0.43,-0.346
2018-12-04T03:44:00+00:00,0.472,-0.329
2018-12-04T07:36:00+00:00,0.456,-0.323
2018-12-04T11:28:00+00:00,0.81,-0.376
2018-12-04T15:20:00+00:00,0.948,-0.41
2018-12-04T19:12:00+00:00,0.406,-0.345
2018-12-04T23:04:00+00:00,0.069,-0.064
2018-12-05T02:56:00+00:00,0.172,-0.169
2018-12-05T06:48:00+00:00,0.104,-0.167
2018-12-05T10:40:00+00:00,0.46,-0.244
2018-12-05T14:32:00+00:00,0.205,-0.243
2018-12-05T18:24:00+00:00,0.135,-0.171
2018-12-05T22:16:00+00:00,0.256,-0.11
2018-12-06T02:08:00+00:00,0.156,-0.069
2018-12-06T06:00:00+00:00,0.065,-0.077
2018-12-06T09:52:00+00:00,0.518,-0.154
2018-12-06T13:44:00+00:00,0.267,-0.198
2018-12-06T17:36:00+00:00,0.187,-0.179
2018-12-06T21:28:00+00:00,0.095,-0.169
2018-12-07T01:20:00+00:00,0.034,-0.168
2018-12-07T05:12:00+00:00,0.066,-0.173
2018-12-07T09:04:00+00:00,0.272,-0.237
2018-12-07T12:56:00+00:00,0.239,-0.212
2018-12-07T16:48:00+00:00,0.343,-0.161
2018-12-07T20:40:00+00:00,0.207,-0.117
2018-12-08T00:32:00+00:00,0.251,-0.191
2018-12-08T04:24:00+00:00,0.134,-0.101
2018-12-08T08:16:00+00:00,0.173,-0.198
2018-12-08T12:08:00+00:00,0.064,-0.147
2018-12-08T16:00:00+00:00,0.037,-0.171
2018-12-08T19:52:00+00:00,0.027,-0.185
2018-12-08T23:44:00+00:00,0.021,-0.172
2018-12-09T03:36:00+00:00,0.047,-0.214
2018-12-09T07:28:00+00:00,0.013,-0.17
2018-12-09T11:20:00+00:00,0.029,-0.124
2018-12-09T15:12:00+00:00,0.18,-0.115
2018-12-09T19:04:00+00:00,0.047,-0.135
2018-12-09T22:56:00+00:00,0.033,-0.102
2018-12-10T02:48:00+00:00,0.04,-0.107
2018-12-10T06:40:00+00:00,0.085,-0.124
2018-12-10T10:32:00+00:00,0.189,-0.214
2018-12-10T14:24:00+00:00,0.608,-0.167
2018-12-10T18:16:00+00:00,0.136,-0.073
2018-12-10T22:08:00+00:00,0.291,-0.105
2018-12-11T02:00:00+00:00,0.067,-0.107
2018-12-11T05:52:00+00:00,0.099,-0.121
2018-12-11T09:44:00+00:00,0.232,-0.12
2018-12-11T13:36:00+00:00,0.084,-0.052
2018-12-11T17:28:00+00:00,0.104,-0.06
2018-12-11T21:20:00+00:00,0.056,-0.071
2018-12-12T01:12:00+00:00,0.018,-0.061
2018-12-12T05:04:00+00:00,0.01,-0.035
2018-12-12T08:56:00+00:00,0,0
2018-12-12T12:48:00+00:00,0.317,-0.05
2018-12-12T16:40:00+00:00,0.225,-0.198
2018-12-12T20:32:00+00:00,0.102,-0.11
2018-12-13T00:24:00+00:00,0.091,-0.081
2018-12-13T04:16:00+00:00,0.064,-0.122
2018-12-13T08:08:00+00:00,0.138,-0.11
2018-12-13T12:00:00+00:00,0.175,-0.208
2018-12-13T15:52:00+00:00,0.176,-0.18
2018-12-13T19:44:00+00:00,0.09,-0.111
2018-12-13T23:36:00+00:00,0.074,-0.098
2018-12-14T03:28:00+00:00,0.049,-0.094
2018-12-14T07:20:00+00:00,0.117,-0.129
2018-12-14T11:12:00+00:00,0.092,-0.123
2018-12-14T15:04:00+00:00,0.121,-0.097
2018-12-14T18:56:00+00:00,0.093,-0.099
2018-12-14T22:48:00+00:00,0.047,-0.12
2018-12-15T02:40:00+00:00,null,null
2018-12-15T06:32:00+00:00,0.01,-0.837
2018-12-15T10:24:00+00:00,0.067,-0.819
2018-12-15T14:16:00+00:00,0.054,-0.306
2018-12-15T18:08:00+00:00,0.017,-0.303
2018-12-15T22:00:00+00:00,0.025,-0.288
2018-12-16T01:52:00+00:00,0.018,-0.278
2018-12-16T05:44:00+00:00,0.011,-0.278
2018-12-16T09:36:00+00:00,0.06,-0.263
2018-12-16T13:28:00+00:00,0.033,-0.318
2018-12-16T17:20:00+00:00,0.018,-0.496
2018-12-16T21:12:00+00:00,0.022,-0.529
2018-12-17T01:04:00+00:00,0.015,-0.492
2018-12-17T04:56:00+00:00,0.051,-0.108
2018-12-17T08:48:00+00:00,0.166,-0.089
2018-12-17T12:40:00+00:00,0.263,-0.101
2018-12-17T16:32:00+00:00,0.246,-0.207
2018-12-17T20:24:00+00:00,0.167,-0.378
2018-12-18T00:16:00+00:00,0.179,-0.386
2018-12-18T04:08:00+00:00,0.132,-0.562
2018-12-18T08:00:00+00:00,0.125,-0.349
2018-12-18T11:52:00+00:00,0.127,-0.372
2018-12-18T15:44:00+00:00,0.153,-0.375
2018-12-18T19:36:00+00:00,0.186,-0.341
2018-12-18T23:28:00+00:00,0.148,-0.378
2018-12-19T03:20:00+00:00,0.197,-0.146
2018-12-19T07:12:00+00:00,0.141,-0.13
2018-12-19T11:04:00+00:00,0.606,-0.084
2018-12-19T14:56:00+00:00,0.124,-0.346
2018-12-19T18:48:00+00:00,0.092,-0.376
2018-12-19T22:40:00+00:00,0.116,-0.24
2018-12-20T02:32:00+00:00,0.164,-0.346
2018-12-20T06:24:00+00:00,0.161,-0.409
2018-12-20T10:16:00+00:00,0.077,-0.353
2018-12-20T14:08:00+00:00,0.067,-0.293
2018-12-20T18:00:00+00:00,0.064,-0.939
2018-12-20T21:52:00+00:00,0.028,-1.359
2018-12-21T01:44:00+00:00,0.052,-0.961
2018-12-21T05:36:00+00:00,0.088,-0.315
2018-12-21T09:28:00+00:00,0.357,-0.359
2018-12-21T13:20:00+00:00,0.096,-0.479
2018-12-21T17:12:00+00:00,0.103,-1.494
2018-12-21T21:04:00+00:00,0.582,-0.982
2018-12-22T00:56:00+00:00,0.177,-0.112
2018-12-22T04:48:00+00:00,0.421,-0.169
2018-12-22T08:40:00+00:00,0.306,-0.237
2018-12-22T12:32:00+00:00,0.139,-0.297
2018-12-22T16:24:00+00:00,0.198,-0.45
2018-12-22T20:16:00+00:00,0.081,-0.494
2018-12-23T00:08:00+00:00,0.062,-0.296
2018-12-23T04:00:00+00:00,0.04,-0.466
2018-12-23T07:52:00+00:00,0.043,-0.399
2018-12-23T11:44:00+00:00,0.48,-0.049
2018-12-23T15:36:00+00:00,0.163,-0.43
2018-12-23T19:28:00+00:00,0.062,-0.151
2018-12-23T23:20:00+00:00,0.115,-0.338
2018-12-24T03:12:00+00:00,0.018,-0.47
2018-12-24T07:04:00+00:00,0.073,-0.363
2018-12-24T10:56:00+00:00,0.122,-0.459
2018-12-24T14:48:00+00:00,0.155,-0.557
2018-12-24T18:40:00+00:00,0.097,-0.499
2018-12-24T22:32:00+00:00,0.091,-0.32
2018-12-25T02:24:00+00:00,0.118,-0.059
2018-12-25T06:16:00+00:00,0.044,-0.316
2018-12-25T10:08:00+00:00,0.388,-0.735
2018-12-25T14:00:00+00:00,0.106,-0.322
2018-12-25T17:52:00+00:00,0.043,-0.393
2018-12-25T21:44:00+00:00,0.123,-0.359
2018-12-26T01:36:00+00:00,0.057,-0.297
2018-12-26T05:28:00+00:00,0.053,-0.31
2018-12-26T09:20:00+00:00,0.111,-0.475
2018-12-26T13:12:00+00:00,0.11,-0.508
2018-12-26T17:04:00+00:00,0.095,-0.512
2018-12-26T20:56:00+00:00,0.048,-0.322
2018-12-27T00:48:00+00:00,0.049,-0.438
2018-12-27T04:40:00+00:00,0.029,-0.398
2018-12-27T08:32:00+00:00,0.304,-0.303
2018-12-27T12:24:00+00:00,0.099,-0.477
2018-12-27T16:16:00+00:00,0.1,-0.512
2018-12-27T20:08:00+00:00,0.12,-0.421
2018-12-28T00:00:00+00:00,0.033,-0.354
2018-12-28T03:52:00+00:00,0.035,-0.312
2018-12-28T07:44:00+00:00,0.041,-0.058
2018-12-28T11:36:00+00:00,0.036,-0.287
2018-12-28T15:28:00+00:00,0.155,-0.513
2018-12-28T19:20:00+00:00,0.132,-0.554
2018-12-28T23:12:00+00:00,0.178,-0.713
2018-12-29T03:04:00+00:00,0.55,-1.559
2018-12-29T06:56:00+00:00,0.378,-0.224
2018-12-29T10:48:00+00:00,0.068,-0.384
2018-12-29T14:40:00+00:00,0.094,-0.41
2018-12-29T18:32:00+00:00,0.125,-0.397
2018-12-29T22:24:00+00:00,0.084,-0.384
2018-12-30T02:16:00+00:00,0.17,-0.49
2018-12-30T06:08:00+00:00,0.235,-0.501
2018-12-30T10:00:00+00:00,0.272,-0.677
2018-12-30T13:52:00+00:00,0.306,-0.559
2018-12-30T17:44:00+00:00,0.249,-0.322
2018-12-30T21:36:00+00:00,0.203,-0.437
2018-12-31T01:28:00+00:00,0.254,-2.276
2018-12-31T05:20:00+00:00,0.698,-1.426
2018-12-31T09:12:00+00:00,0.651,-0.304
2018-12-31T13:04:00+00:00,0.239,-0.673
2018-12-31T16:56:00+00:00,0.353,-0.686
2018-12-31T20:48:00+00:00,0.141,-0.6